1,66.249.67.3,2009-07-20,20,GMT-0700,GET,"/gallery/main.php?g2_controller=exif.SwitchDetailMode&g2_mode=detailed&g2_return=%2Fgallery%2Fmain.php%3Fg2_itemId%3D15741&g2_returnName=photo",302,5,"Mozilla/5.0 (compatible; Googlebot/2.1; +http://www.google.com/bot.html)"
2,66.249.67.3,2009-07-20,20,GMT-0700,GET,"/gallery/main.php?g2_itemId=15741&g2_fromNavId=x8fa12efc",200,8068,"Mozilla/5.0 (compatible; Googlebot/2.1; +http://www.google.com/bot.html)"
3,64.233.172.17,2009-07-20,20,GMT-0700,GET,"/gwidgets/alexa.xml",200,2969,"Mozilla/5.0 (compatible) Feedfetcher-Google; (+http://www.google.com/feedfetcher.html)"
4,74.125.74.193,2009-07-20,20,GMT-0700,GET,"/gwidgets/alexa.xml",200,2969,"Mozilla/5.0 (compatible) Feedfetcher-Google; (+http://www.google.com/feedfetcher.html)"
5,192.168.1.198,2009-07-20,20,GMT-0700,GET,"/",200,17935,"Mozilla/5.0 (Macintosh; U; Intel Mac OS X 10_5_7; en-us) AppleWebKit/530.17 (KHTML, like Gecko) Version/4.0 Safari/530.17"
6,192.168.1.198,2009-07-20,20,GMT-0700,GET,"/style.css",200,1504,"Mozilla/5.0 (Macintosh; U; Intel Mac OS X 10_5_7; en-us) AppleWebKit/530.17 (KHTML, like Gecko) Version/4.0 Safari/530.17"
7,192.168.1.198,2009-07-20,20,GMT-0700,GET,"/favicon.ico",404,146,"Mozilla/5.0 (Macintosh; U; Intel Mac OS X 10_5_7; en-us) AppleWebKit/530.17 (KHTML, like Gecko) Version/4.0 Safari/530.17"
8,66.249.67.3,2009-07-20,20,GMT-0700,GET,"/gallery/main.php?g2_controller=exif.SwitchDetailMode&g2_mode=detailed&g2_return=%2Fgallery%2Fmain.php%3Fg2_itemId%3D30893&g2_returnName=photo",302,5,"Mozilla/5.0 (compatible; Googlebot/2.1; +http://www.google.com/bot.html)"
9,66.249.67.3,2009-07-20,20,GMT-0700,GET,"/gallery/main.php?g2_itemId=30893&g2_fromNavId=xfc647d65",200,8196,"Mozilla/5.0 (compatible; Googlebot/2.1; +http://www.google.com/bot.html)"
10,66.249.67.3,2009-07-20,20,GMT-0700,GET,"/gallery/main.php?g2_view=search.SearchScan&g2_form%5BuseDefaultSettings%5D=1&g2_return=%2Fgallery%2Fmain.php%3Fg2_itemId%3D15789&g2_returnName=photo",200,6360,"Mozilla/5.0 (compatible; Googlebot/2.1; +http://www.google.com/bot.html)"
11,192.168.1.198,2009-07-20,20,GMT-0700,GET,"/?page=aboutme",200,7255,"Mozilla/5.0 (Macintosh; U; Intel Mac OS X 10_5_7; en-us) AppleWebKit/530.17 (KHTML, like Gecko) Version/4.0 Safari/530.17"
12,192.168.1.198,2009-07-20,20,GMT-0700,GET,"/images/pigtam.jpg",200,13122,"Mozilla/5.0 (Macintosh; U; Intel Mac OS X 10_5_7; en-us) AppleWebKit/530.17 (KHTML, like Gecko) Version/4.0 Safari/530.17"
13,65.55.106.230,2009-07-20,20,GMT-0700,GET,"/gallery/main.php?g2_itemId=33214&g2_imageViewsIndex=3",200,8122,"msnbot/2.0b (+http://search.msn.com/msnbot.htm)"
14,64.233.173.2,2009-07-20,20,GMT-0700,GET,"/gadgets/adpowers/AlexaRank/g.xml",200,3164,"Mozilla/5.0 (compatible) Feedfetcher-Google; (+http://www.google.com/feedfetcher.html)"
15,64.233.173.2,2009-07-20,20,GMT-0700,GET,"/gadgets/adpowers/AlexaRank/ALL_ALL.xml",200,1160,"Mozilla/5.0 (compatible) Feedfetcher-Google; (+http://www.google.com/feedfetcher.html)"
16,65.55.106.132,2009-07-20,20,GMT-0700,GET,"/?post=277",200,4876,"msnbot/2.0b (+http://search.msn.com/msnbot.htm)"
17,192.168.1.198,2009-07-20,20,GMT-0700,GET,"/?page=humor",200,5273,"Mozilla/5.0 (Macintosh; U; Intel Mac OS X 10_5_7; en-us) AppleWebKit/530.17 (KHTML, like Gecko) Version/4.0 Safari/530.17"
18,192.168.1.198,2009-07-20,20,GMT-0700,GET,"/images/beatsgraph.png",200,8767,"Mozilla/5.0 (Macintosh; U; Intel Mac OS X 10_5_7; en-us) AppleWebKit/530.17 (KHTML, like Gecko) Version/4.0 Safari/530.17"
19,72.14.192.65,2009-07-20,20,GMT-0700,GET,"/gadgets/adpowers/AlexaRank/g.xml",200,3164,"FeedFetcher-Google; (+http://www.google.com/feedfetcher.html)"
20,65.55.106.160,2009-07-20,20,GMT-0700,GET,"/gallery/main.php?g2_itemId=24659&g2_highlightId=24674",302,5,"msnbot/2.0b (+http://search.msn.com/msnbot.htm)"
21,65.55.106.160,2009-07-20,20,GMT-0700,GET,"/gallery/main.php?g2_itemId=24659",200,23229,"msnbot/2.0b (+http://search.msn.com/msnbot.htm)"
22,66.249.67.3,2009-07-20,20,GMT-0700,GET,"/gallery/main.php?g2_view=comment.ShowAllComments&g2_itemId=22575&g2_return=%2Fgallery%2Fmain.php%3Fg2_itemId%3D22575&g2_returnName=photo",200,5099,"Mozilla/5.0 (compatible; Googlebot/2.1; +http://www.google.com/bot.html)"
23,220.181.7.30,2009-07-20,20,GMT-0700,GET,"/?page=humor",200,5275,"Baiduspider+(+http://www.baidu.com/search/spider.htm)"
24,72.30.142.87,2009-07-20,20,GMT-0700,GET,"/?post=109",200,5391,"Mozilla/5.0 (compatible; Yahoo! Slurp/3.0; http://help.yahoo.com/help/us/ysearch/slurp)"
25,66.249.67.3,2009-07-20,20,GMT-0700,GET,"/gallery/main.php?g2_view=search.SearchScan&g2_form%5BuseDefaultSettings%5D=1&g2_return=%2Fgallery%2Fmain.php%3Fg2_itemId%3D15525&g2_returnName=photo",200,6360,"Mozilla/5.0 (compatible; Googlebot/2.1; +http://www.google.com/bot.html)"
26,74.125.74.193,2009-07-20,20,GMT-0700,GET,"/gadgets/adpowers/AlexaRank/g.xml",200,3164,"Mozilla/5.0 (compatible) Feedfetcher-Google; (+http://www.google.com/feedfetcher.html)"
27,74.125.74.193,2009-07-20,20,GMT-0700,GET,"/gadgets/adpowers/AlexaRank/ALL_ALL.xml",200,1160,"Mozilla/5.0 (compatible) Feedfetcher-Google; (+http://www.google.com/feedfetcher.html)"
28,74.125.74.193,2009-07-20,20,GMT-0700,GET,"/gadgets/adpowers/AlexaRank/ja_ALL.xml",200,1264,"Mozilla/5.0 (compatible) Feedfetcher-Google; (+http://www.google.com/feedfetcher.html)"
29,66.249.67.3,2009-07-20,20,GMT-0700,GET,"/?post=227",200,5082,"Mozilla/5.0 (compatible; Googlebot/2.1; +http://www.google.com/bot.html)"
30,203.82.79.101,2009-07-20,20,GMT-0700,GET,"/gnucache/index.php?get=1&net=gnutella&client=GNUC&version=1.1.1.6",404,146,"Mozilla/4.0"
31,72.14.192.65,2009-07-20,20,GMT-0700,GET,"/gwidgets/alexa.xml",200,2969,"Mozilla/5.0 (compatible) Feedfetcher-Google; (+http://www.google.com/feedfetcher.html)"
32,65.55.208.183,2009-07-20,20,GMT-0700,GET,"/gallery/main.php?g2_view=keyalbum.KeywordAlbum&g2_keyword=robert+honesty&g2_highlightId=26963",302,5,"msnbot/1.1 (+http://search.msn.com/msnbot.htm)"
33,65.55.208.183,2009-07-20,20,GMT-0700,GET,"/gallery/main.php?g2_itemId=24659&g2_highlightId=32933",302,5,"msnbot/1.1 (+http://search.msn.com/msnbot.htm)"
34,66.249.67.87,2009-07-20,20,GMT-0700,GET,"/gallery/main.php?g2_view=comment.ShowAllComments&g2_itemId=537&g2_return=%2Fgallery%2Fmain.php%3Fg2_itemId%3D537&g2_returnName=photo",200,4864,"Mozilla/5.0 (compatible; Googlebot/2.1; +http://www.google.com/bot.html)"
35,66.249.67.87,2009-07-20,20,GMT-0700,GET,"/gallery/main.php?g2_view=search.SearchScan&g2_form%5BuseDefaultSettings%5D=1&g2_return=%2Fgallery%2Fmain.php%3Fg2_itemId%3D537&g2_returnName=photo",200,6360,"Mozilla/5.0 (compatible; Googlebot/2.1; +http://www.google.com/bot.html)"
36,66.249.67.87,2009-07-20,20,GMT-0700,GET,"/gallery/main.php?g2_controller=exif.SwitchDetailMode&g2_mode=detailed&g2_return=%2Fgallery%2Fmain.php%3Fg2_itemId%3D537&g2_returnName=photo",302,5,"Mozilla/5.0 (compatible; Googlebot/2.1; +http://www.google.com/bot.html)"
37,66.249.67.87,2009-07-20,20,GMT-0700,GET,"/gallery/main.php?g2_itemId=3367&g2_fromNavId=x250f7510",200,8093,"Mozilla/5.0 (compatible; Googlebot/2.1; +http://www.google.com/bot.html)"
38,66.249.67.87,2009-07-20,20,GMT-0700,GET,"/gallery/main.php?g2_view=core.UserAdmin&g2_subView=core.UserLogin&g2_return=%2Fgallery%2Fmain.php%3Fg2_itemId%3D537&g2_returnName=photo",200,3998,"Mozilla/5.0 (compatible; Googlebot/2.1; +http://www.google.com/bot.html)"
39,65.55.208.183,2009-07-20,20,GMT-0700,GET,"/gallery/main.php?g2_view=keyalbum.KeywordAlbum&g2_keyword=robert+securedâ€“security",200,18558,"msnbot/1.1 (+http://search.msn.com/msnbot.htm)"
40,66.249.67.87,2009-07-20,20,GMT-0700,GET,"/gallery/main.php?g2_itemId=537&g2_fromNavId=xe894f58a",200,7047,"Mozilla/5.0 (compatible; Googlebot/2.1; +http://www.google.com/bot.html)"
41,66.249.67.3,2009-07-20,20,GMT-0700,GET,"/gallery/main.php?g2_view=comment.ShowAllComments&g2_itemId=19648&g2_return=%2Fgallery%2Fmain.php%3Fg2_itemId%3D19648&g2_returnName=photo",200,4965,"Mozilla/5.0 (compatible; Googlebot/2.1; +http://www.google.com/bot.html)"
42,65.55.208.183,2009-07-20,20,GMT-0700,GET,"/gallery/main.php?g2_itemId=24659",200,23229,"msnbot/1.1 (+http://search.msn.com/msnbot.htm)"
43,72.14.192.65,2009-07-20,20,GMT-0700,GET,"/gadgets/adpowers/AlexaRank/g.xml",200,3164,"Mozilla/5.0 (compatible) Feedfetcher-Google; (+http://www.google.com/feedfetcher.html)"
44,72.14.192.65,2009-07-20,20,GMT-0700,GET,"/gadgets/adpowers/AlexaRank/ALL_ALL.xml",200,1160,"Mozilla/5.0 (compatible) Feedfetcher-Google; (+http://www.google.com/feedfetcher.html)"
45,67.183.157.181,2009-07-20,20,GMT-0700,GET,"/rss.pl",200,35942,"Mozilla/5.0 (Windows; U; Windows NT 6.0; en-US; rv:1.8.1.22) Gecko/20090605 Thunderbird/2.0.0.22"
46,74.15.53.228,2009-07-20,20,GMT-0700,GET,"/gallery/main.php?g2_itemId=http://217.218.225.2:2082/index.html?",200,10561,"Mozilla/4.0 (compatible; MSIE 6.0; Windows NT 5.1; .NET CLR 1.1.4322; .NET CLR 2.0.50727)"
47,72.30.142.87,2009-07-20,20,GMT-0700,GET,"/gallery/main.php?g2_highlightId=685",302,0,"Mozilla/5.0 (compatible; Yahoo! Slurp/3.0; http://help.yahoo.com/help/us/ysearch/slurp)"
48,66.249.67.87,2009-07-20,20,GMT-0700,GET,"/gallery/main.php?g2_view=core.UserAdmin&g2_subView=core.UserLogin&g2_return=%2Fgallery%2Fmain.php%3Fg2_itemId%3D468%26g2_page%3D3&g2_returnName=album",200,4040,"Mozilla/5.0 (compatible; Googlebot/2.1; +http://www.google.com/bot.html)"
49,72.30.142.87,2009-07-20,20,GMT-0700,GET,"/gallery/main.php",200,10531,"Mozilla/5.0 (compatible; Yahoo! Slurp/3.0; http://help.yahoo.com/help/us/ysearch/slurp)"
50,66.249.67.3,2009-07-20,20,GMT-0700,GET,"/gallery/main.php?g2_controller=exif.SwitchDetailMode&g2_mode=detailed&g2_return=%2Fgallery%2Fmain.php%3Fg2_itemId%3D12804&g2_returnName=photo",302,5,"Mozilla/5.0 (compatible; Googlebot/2.1; +http://www.google.com/bot.html)"
51,66.249.67.3,2009-07-20,20,GMT-0700,GET,"/gallery/main.php?g2_itemId=12804&g2_fromNavId=x755658c3",200,8196,"Mozilla/5.0 (compatible; Googlebot/2.1; +http://www.google.com/bot.html)"
52,72.14.194.1,2009-07-20,20,GMT-0700,GET,"/gadgets/adpowers/AlexaRank/g.xml",200,3164,"Mozilla/5.0 (compatible) Feedfetcher-Google; (+http://www.google.com/feedfetcher.html)"
53,72.14.194.1,2009-07-20,20,GMT-0700,GET,"/gadgets/adpowers/AlexaRank/ALL_ALL.xml",200,1160,"Mozilla/5.0 (compatible) Feedfetcher-Google; (+http://www.google.com/feedfetcher.html)"
54,66.249.67.3,2009-07-20,20,GMT-0700,GET,"/gallery/main.php?g2_itemId=17878&g2_highlightId=18013",302,5,"Mozilla/5.0 (compatible; Googlebot/2.1; +http://www.google.com/bot.html)"
55,66.249.67.3,2009-07-20,20,GMT-0700,GET,"/gallery/main.php?g2_itemId=17878&g2_page=2",200,20625,"Mozilla/5.0 (compatible; Googlebot/2.1; +http://www.google.com/bot.html)"
56,66.249.67.87,2009-07-20,20,GMT-0700,GET,"/gallery/main.php?g2_view=core.DownloadItem&g2_itemId=537&g2_serialNumber=2",200,49598,"Googlebot-Image/1.0"
57,66.249.67.3,2009-07-20,20,GMT-0700,GET,"/gallery/main.php?g2_itemId=17878&g2_highlightId=17974",302,5,"Mozilla/5.0 (compatible; Googlebot/2.1; +http://www.google.com/bot.html)"
58,74.125.74.193,2009-07-20,20,GMT-0700,GET,"/gadgets/adpowers/AlexaRank/ja_ALL.xml",200,1264,"FeedFetcher-Google; (+http://www.google.com/feedfetcher.html)"
59,66.249.67.3,2009-07-20,20,GMT-0700,GET,"/gallery/main.php?g2_itemId=15371&g2_highlightId=15762",302,5,"Mozilla/5.0 (compatible; Googlebot/2.1; +http://www.google.com/bot.html)"
60,72.14.194.1,2009-07-20,20,GMT-0700,GET,"/gwidgets/alexa.xml",200,2969,"Mozilla/5.0 (compatible) Feedfetcher-Google; (+http://www.google.com/feedfetcher.html)"
61,66.249.67.3,2009-07-20,20,GMT-0700,GET,"/gallery/main.php?g2_itemId=4330&g2_highlightId=5727",302,5,"Mozilla/5.0 (compatible; Googlebot/2.1; +http://www.google.com/bot.html)"
62,66.249.67.3,2009-07-20,20,GMT-0700,GET,"/gallery/main.php?g2_view=search.SearchScan&g2_form%5BuseDefaultSettings%5D=1&g2_return=%2Fgallery%2Fmain.php%3Fg2_view%3Dcomment.ShowAllComments%26g2_itemId%3D22616&g2_returnName=show+comments",200,6360,"Mozilla/5.0 (compatible; Googlebot/2.1; +http://www.google.com/bot.html)"
63,74.125.74.193,2009-07-20,20,GMT-0700,GET,"/gadgets/adpowers/AlexaRank/g.xml",200,3164,"Mozilla/5.0 (compatible) Feedfetcher-Google; (+http://www.google.com/feedfetcher.html)"
64,74.125.74.193,2009-07-20,20,GMT-0700,GET,"/gadgets/adpowers/AlexaRank/ALL_ALL.xml",200,1160,"Mozilla/5.0 (compatible) Feedfetcher-Google; (+http://www.google.com/feedfetcher.html)"
65,74.125.74.193,2009-07-20,20,GMT-0700,GET,"/gadgets/adpowers/AlexaRank/ja_ALL.xml",200,1264,"Mozilla/5.0 (compatible) Feedfetcher-Google; (+http://www.google.com/feedfetcher.html)"
66,66.249.67.3,2009-07-20,20,GMT-0700,GET,"/gallery/main.php?g2_controller=exif.SwitchDetailMode&g2_mode=detailed&g2_return=%2Fgallery%2Fmain.php%3Fg2_itemId%3D12150&g2_returnName=photo",302,5,"Mozilla/5.0 (compatible; Googlebot/2.1; +http://www.google.com/bot.html)"
67,66.249.67.3,2009-07-20,20,GMT-0700,GET,"/gallery/main.php?g2_itemId=12150&g2_fromNavId=x0c80bbd9",200,8150,"Mozilla/5.0 (compatible; Googlebot/2.1; +http://www.google.com/bot.html)"
68,72.14.192.65,2009-07-20,20,GMT-0700,GET,"/gwidgets/alexa.xml",200,2969,"Mozilla/5.0 (compatible) Feedfetcher-Google; (+http://www.google.com/feedfetcher.html)"
69,74.125.75.17,2009-07-20,20,GMT-0700,GET,"/gwidgets/alexa.xml",200,2969,"Mozilla/5.0 (compatible) Feedfetcher-Google; (+http://www.google.com/feedfetcher.html)"
70,64.233.173.2,2009-07-20,20,GMT-0700,GET,"/gwidgets/alexa.xml",200,2969,"Mozilla/5.0 (compatible) Feedfetcher-Google; (+http://www.google.com/feedfetcher.html)"
71,66.249.67.3,2009-07-20,20,GMT-0700,GET,"/gallery/main.php?g2_controller=exif.SwitchDetailMode&g2_mode=detailed&g2_return=%2Fgallery%2Fmain.php%3Fg2_itemId%3D15675&g2_returnName=photo",302,5,"Mozilla/5.0 (compatible; Googlebot/2.1; +http://www.google.com/bot.html)"
72,66.249.67.3,2009-07-20,20,GMT-0700,GET,"/gallery/main.php?g2_itemId=15675&g2_fromNavId=xe0d7d3af",200,8075,"Mozilla/5.0 (compatible; Googlebot/2.1; +http://www.google.com/bot.html)"
73,64.233.173.2,2009-07-20,20,GMT-0700,GET,"/gadgets/adpowers/AlexaRank/g.xml",200,3164,"Mozilla/5.0 (compatible) Feedfetcher-Google; (+http://www.google.com/feedfetcher.html)"
74,64.233.173.2,2009-07-20,20,GMT-0700,GET,"/gadgets/adpowers/AlexaRank/ALL_ALL.xml",200,1160,"Mozilla/5.0 (compatible) Feedfetcher-Google; (+http://www.google.com/feedfetcher.html)"
75,74.125.74.193,2009-07-20,20,GMT-0700,GET,"/gwidgets/alexa.xml",200,2969,"FeedFetcher-Google; (+http://www.google.com/feedfetcher.html)"
76,220.181.7.13,2009-07-20,20,GMT-0700,GET,"/?post=313",200,5984,"Baiduspider+(+http://www.baidu.com/search/spider.htm)"
77,74.125.16.65,2009-07-20,20,GMT-0700,GET,"/gwidgets/alexa.xml",200,2969,"Mozilla/5.0 (compatible) Feedfetcher-Google; (+http://www.google.com/feedfetcher.html)"
78,193.252.118.176,2009-07-20,20,GMT-0700,GET,"/companystats/",200,8676,"Mozilla/5.0 (Windows; U; Windows NT 5.1; fr; rv:1.8.1) VoilaBot BETA 1.2 (support.voilabot@orange-ftgroup.com)"
79,66.249.67.3,2009-07-20,20,GMT-0700,GET,"/gallery/main.php?g2_view=comment.ShowAllComments&g2_itemId=32272&g2_return=%2Fgallery%2Fmain.php%3Fg2_itemId%3D32272&g2_returnName=photo",200,5059,"Mozilla/5.0 (compatible; Googlebot/2.1; +http://www.google.com/bot.html)"
80,84.109.41.133,2009-07-20,20,GMT-0700,GET,"/?news=all",200,257524,"Mozilla/4.0 (compatible; MSIE 6.0; Windows NT 5.1)"
81,209.85.238.36,2009-07-20,20,GMT-0700,GET,"/rss.pl",200,35942,"Feedfetcher-Google; (+http://www.google.com/feedfetcher.html; 1 subscribers; feed-id=1729723878840499015)"
82,74.125.74.193,2009-07-20,20,GMT-0700,GET,"/gwidgets/alexa.xml",200,2969,"Mozilla/5.0 (compatible) Feedfetcher-Google; (+http://www.google.com/feedfetcher.html)"
83,66.249.67.87,2009-07-20,20,GMT-0700,GET,"/gallery/main.php?g2_itemId=32804",200,6933,"Mozilla/5.0 (compatible; Googlebot/2.1; +http://www.google.com/bot.html)"
84,220.181.7.26,2009-07-20,20,GMT-0700,GET,"/?post=298",200,5848,"Baiduspider+(+http://www.baidu.com/search/spider.htm)"
85,64.81.161.15,2009-07-20,20,GMT-0700,GET,"/rss.pl",200,35942,"NetNewsWire/3.1.7 (Mac OS X; http://www.newsgator.com/Individuals/NetNewsWire/)"
86,64.81.161.15,2009-07-20,20,GMT-0700,GET,"/rss.pl",200,35942,"NetNewsWire/3.1.7 (Mac OS X; http://www.newsgator.com/Individuals/NetNewsWire/)"
87,66.249.67.3,2009-07-20,20,GMT-0700,GET,"/gallery/main.php?g2_itemId=27023",200,8277,"Mozilla/5.0 (compatible; Googlebot/2.1; +http://www.google.com/bot.html)"
88,66.249.67.3,2009-07-20,20,GMT-0700,GET,"/gallery/main.php?g2_itemId=15371&g2_highlightId=15786",302,5,"Mozilla/5.0 (compatible; Googlebot/2.1; +http://www.google.com/bot.html)"
89,74.125.16.65,2009-07-20,20,GMT-0700,GET,"/gadgets/adpowers/AlexaRank/g.xml",200,3164,"Mozilla/5.0 (compatible) Feedfetcher-Google; (+http://www.google.com/feedfetcher.html)"
90,74.125.16.65,2009-07-20,20,GMT-0700,GET,"/gadgets/adpowers/AlexaRank/ALL_ALL.xml",200,1160,"Mozilla/5.0 (compatible) Feedfetcher-Google; (+http://www.google.com/feedfetcher.html)"
91,66.249.67.3,2009-07-20,20,GMT-0700,GET,"/gallery/main.php?g2_controller=exif.SwitchDetailMode&g2_mode=detailed&g2_return=%2Fgallery%2Fmain.php%3Fg2_itemId%3D30881%26g2_imageViewsIndex%3D1&g2_returnName=photo",302,5,"Mozilla/5.0 (compatible; Googlebot/2.1; +http://www.google.com/bot.html)"
92,66.249.67.3,2009-07-20,20,GMT-0700,GET,"/gallery/main.php?g2_itemId=30881&g2_imageViewsIndex=1&g2_fromNavId=x9d97bdb4",200,8290,"Mozilla/5.0 (compatible; Googlebot/2.1; +http://www.google.com/bot.html)"
93,66.249.67.87,2009-07-20,20,GMT-0700,GET,"/gallery/main.php?g2_itemId=32619",200,7378,"Mozilla/5.0 (compatible; Googlebot/2.1; +http://www.google.com/bot.html)"
94,66.249.67.3,2009-07-20,20,GMT-0700,GET,"/gallery/main.php?g2_view=core.DownloadItem&g2_itemId=10534&g2_serialNumber=2",304,0,"Googlebot-Image/1.0"
95,220.181.7.14,2009-07-20,20,GMT-0700,GET,"/?page=panoramas",200,5829,"Baiduspider+(+http://www.baidu.com/search/spider.htm)"
96,64.233.172.17,2009-07-20,20,GMT-0700,GET,"/gwidgets/alexa.xml",200,2969,"Mozilla/5.0 (compatible) Feedfetcher-Google; (+http://www.google.com/feedfetcher.html)"
97,65.55.106.142,2009-07-20,20,GMT-0700,GET,"/rss.pl",200,35942,"msnbot/2.0b (+http://search.msn.com/msnbot.htm)"
98,72.14.192.65,2009-07-20,20,GMT-0700,GET,"/gwidgets/alexa.xml",200,2969,"Mozilla/5.0 (compatible) Feedfetcher-Google; (+http://www.google.com/feedfetcher.html)"
99,64.233.172.17,2009-07-20,20,GMT-0700,GET,"/gadgets/adpowers/AlexaRank/g.xml",200,3164,"Mozilla/5.0 (compatible) Feedfetcher-Google; (+http://www.google.com/feedfetcher.html)"
100,64.233.172.17,2009-07-20,20,GMT-0700,GET,"/gadgets/adpowers/AlexaRank/ALL_ALL.xml",200,1160,"Mozilla/5.0 (compatible) Feedfetcher-Google; (+http://www.google.com/feedfetcher.html)"
101,72.14.192.65,2009-07-20,20,GMT-0700,GET,"/gadgets/adpowers/AlexaRank/g.xml",200,3164,"Mozilla/5.0 (compatible) Feedfetcher-Google; (+http://www.google.com/feedfetcher.html)"
102,72.14.192.65,2009-07-20,20,GMT-0700,GET,"/gadgets/adpowers/AlexaRank/ALL_ALL.xml",200,1160,"Mozilla/5.0 (compatible) Feedfetcher-Google; (+http://www.google.com/feedfetcher.html)"
103,72.14.192.65,2009-07-20,20,GMT-0700,GET,"/gwidgets/alexa.xml",200,2969,"FeedFetcher-Google; (+http://www.google.com/feedfetcher.html)"
104,72.14.194.1,2009-07-20,20,GMT-0700,GET,"/gwidgets/alexa.xml",200,2969,"Mozilla/5.0 (compatible) Feedfetcher-Google; (+http://www.google.com/feedfetcher.html)"
105,74.125.74.193,2009-07-20,20,GMT-0700,GET,"/gwidgets/alexa.xml",200,2969,"Mozilla/5.0 (compatible) Feedfetcher-Google; (+http://www.google.com/feedfetcher.html)"
106,220.181.7.39,2009-07-20,20,GMT-0700,GET,"/?page=aboutme",200,7255,"Baiduspider+(+http://www.baidu.com/search/spider.htm)"
107,66.249.67.3,2009-07-20,20,GMT-0700,GET,"/gallery/main.php?g2_itemId=17878&g2_highlightId=18059",302,5,"Mozilla/5.0 (compatible; Googlebot/2.1; +http://www.google.com/bot.html)"
108,65.55.106.173,2009-07-20,20,GMT-0700,GET,"/gallery/main.php?g2_view=comment.ShowAllComments&g2_itemId=33415&g2_return=%2Fgallery%2Fmain.php%3Fg2_itemId%3D33415&g2_returnName=photo",200,4653,"msnbot/2.0b (+http://search.msn.com/msnbot.htm)"
109,64.233.172.17,2009-07-20,20,GMT-0700,GET,"/gadgets/adpowers/AlexaRank/ALL_ALL.xml",200,1160,"FeedFetcher-Google; (+http://www.google.com/feedfetcher.html)"
110,64.233.173.2,2009-07-20,20,GMT-0700,GET,"/gadgets/adpowers/AlexaRank/g.xml",200,3164,"Mozilla/5.0 (compatible) Feedfetcher-Google; (+http://www.google.com/feedfetcher.html)"
111,64.233.172.17,2009-07-20,20,GMT-0700,GET,"/gadgets/adpowers/AlexaRank/ALL_ALL.xml",200,1160,"Mozilla/5.0 (compatible) Feedfetcher-Google; (+http://www.google.com/feedfetcher.html)"
112,64.233.172.17,2009-07-20,20,GMT-0700,GET,"/gadgets/adpowers/AlexaRank/g.xml",200,3164,"FeedFetcher-Google; (+http://www.google.com/feedfetcher.html)"
113,66.249.67.3,2009-07-20,20,GMT-0700,GET,"/?post=205",200,5927,"Mozilla/5.0 (compatible; Googlebot/2.1; +http://www.google.com/bot.html)"
114,66.249.67.3,2009-07-20,20,GMT-0700,GET,"/gallery/main.php?g2_controller=exif.SwitchDetailMode&g2_mode=detailed&g2_return=%2Fgallery%2Fmain.php%3Fg2_itemId%3D32272&g2_returnName=photo",302,5,"Mozilla/5.0 (compatible; Googlebot/2.1; +http://www.google.com/bot.html)"
115,66.249.67.3,2009-07-20,20,GMT-0700,GET,"/gallery/main.php?g2_itemId=32272&g2_fromNavId=xda3df940",200,8387,"Mozilla/5.0 (compatible; Googlebot/2.1; +http://www.google.com/bot.html)"
116,72.14.192.65,2009-07-20,20,GMT-0700,GET,"/gadgets/adpowers/AlexaRank/ALL_ALL.xml",200,1160,"FeedFetcher-Google; (+http://www.google.com/feedfetcher.html)"
117,64.233.173.2,2009-07-20,20,GMT-0700,GET,"/gadgets/adpowers/AlexaRank/g.xml",200,3164,"Mozilla/5.0 (compatible) Feedfetcher-Google; (+http://www.google.com/feedfetcher.html)"
118,65.55.106.193,2009-07-20,20,GMT-0700,GET,"/gallery/main.php?g2_itemId=14939",200,8057,"msnbot/2.0b (+http://search.msn.com/msnbot.htm)"
119,74.125.75.17,2009-07-20,20,GMT-0700,GET,"/gadgets/adpowers/AlexaRank/ALL_ALL.xml",200,1160,"Mozilla/5.0 (compatible) Feedfetcher-Google; (+http://www.google.com/feedfetcher.html)"
120,66.249.67.3,2009-07-20,20,GMT-0700,GET,"/gallery/main.php?g2_controller=exif.SwitchDetailMode&g2_mode=detailed&g2_return=%2Fgallery%2Fmain.php%3Fg2_itemId%3D10616&g2_returnName=photo",302,5,"Mozilla/5.0 (compatible; Googlebot/2.1; +http://www.google.com/bot.html)"
121,66.249.67.3,2009-07-20,20,GMT-0700,GET,"/gallery/main.php?g2_itemId=10616&g2_fromNavId=xa8112752",200,8070,"Mozilla/5.0 (compatible; Googlebot/2.1; +http://www.google.com/bot.html)"
122,65.55.106.181,2009-07-20,20,GMT-0700,GET,"/gallery/main.php?g2_itemId=27865",200,7414,"msnbot/2.0b (+http://search.msn.com/msnbot.htm)"
123,66.249.67.3,2009-07-20,20,GMT-0700,GET,"/gallery/main.php?g2_itemId=15371&g2_highlightId=15672",302,5,"Mozilla/5.0 (compatible; Googlebot/2.1; +http://www.google.com/bot.html)"
124,64.233.172.17,2009-07-20,20,GMT-0700,GET,"/gwidgets/alexa.xml",200,2969,"Mozilla/5.0 (compatible) Feedfetcher-Google; (+http://www.google.com/feedfetcher.html)"
125,174.36.228.156,2009-07-20,20,GMT-0700,GET,"/",200,17933,"Mozilla/5.0 (X11; U; Linux i686; en-US; rv:1.2.1; aggregator:Spinn3r (Spinn3r 3.1); http://spinn3r.com/robot) Gecko/20021130"
126,66.249.67.3,2009-07-20,20,GMT-0700,GET,"/gallery/main.php?g2_view=search.SearchScan&g2_form%5BuseDefaultSettings%5D=1&g2_return=%2Fgallery%2Fmain.php%3Fg2_itemId%3D15591&g2_returnName=photo",200,6360,"Mozilla/5.0 (compatible; Googlebot/2.1; +http://www.google.com/bot.html)"
127,65.55.106.193,2009-07-20,20,GMT-0700,GET,"/gallery/main.php?g2_view=search.SearchScan&g2_form%5BuseDefaultSettings%5D=1&g2_return=%2Fgallery%2Fmain.php%3Fg2_itemId%3D549&g2_returnName=photo",200,6360,"msnbot/2.0b (+http://search.msn.com/msnbot.htm)"
128,74.125.74.193,2009-07-20,20,GMT-0700,GET,"/gadgets/adpowers/AlexaRank/g.xml",200,3164,"Mozilla/5.0 (compatible) Feedfetcher-Google; (+http://www.google.com/feedfetcher.html)"
129,74.125.74.193,2009-07-20,20,GMT-0700,GET,"/gadgets/adpowers/AlexaRank/ALL_ALL.xml",200,1160,"Mozilla/5.0 (compatible) Feedfetcher-Google; (+http://www.google.com/feedfetcher.html)"
130,74.125.74.193,2009-07-20,20,GMT-0700,GET,"/gadgets/adpowers/AlexaRank/ja_ALL.xml",200,1264,"Mozilla/5.0 (compatible) Feedfetcher-Google; (+http://www.google.com/feedfetcher.html)"
131,66.249.67.3,2009-07-20,20,GMT-0700,GET,"/gallery/main.php?g2_view=search.SearchScan&g2_form%5BuseDefaultSettings%5D=1&g2_return=%2Fgallery%2Fmain.php%3Fg2_itemId%3D15684&g2_returnName=photo",200,6360,"Mozilla/5.0 (compatible; Googlebot/2.1; +http://www.google.com/bot.html)"
132,72.14.192.65,2009-07-20,20,GMT-0700,GET,"/gwidgets/alexa.xml",200,2969,"Mozilla/5.0 (compatible) Feedfetcher-Google; (+http://www.google.com/feedfetcher.html)"
133,66.249.67.3,2009-07-20,20,GMT-0700,GET,"/gallery/main.php?g2_controller=exif.SwitchDetailMode&g2_mode=detailed&g2_return=%2Fgallery%2Fmain.php%3Fg2_itemId%3D15750&g2_returnName=photo",302,5,"Mozilla/5.0 (compatible; Googlebot/2.1; +http://www.google.com/bot.html)"
134,74.125.74.193,2009-07-20,20,GMT-0700,GET,"/gwidgets/alexa.xml",200,2969,"Mozilla/5.0 (compatible) Feedfetcher-Google; (+http://www.google.com/feedfetcher.html)"
135,64.233.173.2,2009-07-20,20,GMT-0700,GET,"/gadgets/adpowers/AlexaRank/g.xml",200,3164,"FeedFetcher-Google; (+http://www.google.com/feedfetcher.html)"
136,66.249.67.3,2009-07-20,20,GMT-0700,GET,"/gallery/main.php?g2_itemId=15750&g2_fromNavId=x93007fa9",200,8069,"Mozilla/5.0 (compatible; Googlebot/2.1; +http://www.google.com/bot.html)"
137,65.55.51.111,2009-07-20,20,GMT-0700,GET,"/robots.txt",200,590,"msnbot/2.0b (+http://search.msn.com/msnbot.htm)"
138,72.14.194.1,2009-07-20,20,GMT-0700,GET,"/gwidgets/alexa.xml",200,2969,"Mozilla/5.0 (compatible) Feedfetcher-Google; (+http://www.google.com/feedfetcher.html)"
139,65.55.208.190,2009-07-20,20,GMT-0700,GET,"/gallery/main.php?g2_itemId=16360",200,8099,"msnbot/1.1 (+http://search.msn.com/msnbot.htm)"
140,66.249.67.3,2009-07-20,20,GMT-0700,GET,"/gallery/main.php?g2_controller=exif.SwitchDetailMode&g2_mode=detailed&g2_return=%2Fgallery%2Fmain.php%3Fg2_itemId%3D30893%26g2_imageViewsIndex%3D1&g2_returnName=photo",302,5,"Mozilla/5.0 (compatible; Googlebot/2.1; +http://www.google.com/bot.html)"
141,66.249.67.3,2009-07-20,20,GMT-0700,GET,"/gallery/main.php?g2_itemId=30893&g2_imageViewsIndex=1&g2_fromNavId=x708095df",200,8298,"Mozilla/5.0 (compatible; Googlebot/2.1; +http://www.google.com/bot.html)"
142,64.233.172.17,2009-07-20,20,GMT-0700,GET,"/gwidgets/alexa.xml",200,2969,"Mozilla/5.0 (compatible) Feedfetcher-Google; (+http://www.google.com/feedfetcher.html)"
143,64.233.172.17,2009-07-20,20,GMT-0700,GET,"/gwidgets/alexa.xml",200,2969,"Mozilla/5.0 (compatible) Feedfetcher-Google; (+http://www.google.com/feedfetcher.html)"
144,72.30.142.87,2009-07-20,20,GMT-0700,GET,"/gallery/main.php?g2_itemId=26148",200,7245,"Mozilla/5.0 (compatible; Yahoo! Slurp/3.0; http://help.yahoo.com/help/us/ysearch/slurp)"
145,66.249.67.3,2009-07-20,20,GMT-0700,GET,"/gallery/main.php?g2_itemId=15371&g2_highlightId=15789",302,5,"Mozilla/5.0 (compatible; Googlebot/2.1; +http://www.google.com/bot.html)"
146,174.36.241.155,2009-07-20,20,GMT-0700,GET,"/rss.pl",200,35942,"Mozilla/5.0 (X11; U; Linux i686; en-US; rv:1.2.1; aggregator:Spinn3r (Spinn3r 3.1); http://spinn3r.com/robot) Gecko/20021130"
147,220.181.7.18,2009-07-20,20,GMT-0700,GET,"/style.css",200,1504,"Baiduspider+(+http://www.baidu.com/search/spider.htm)"
148,74.125.16.65,2009-07-20,20,GMT-0700,GET,"/gadgets/adpowers/AlexaRank/g.xml",200,3164,"Mozilla/5.0 (compatible) Feedfetcher-Google; (+http://www.google.com/feedfetcher.html)"
149,74.125.16.65,2009-07-20,20,GMT-0700,GET,"/gadgets/adpowers/AlexaRank/ALL_ALL.xml",200,1160,"Mozilla/5.0 (compatible) Feedfetcher-Google; (+http://www.google.com/feedfetcher.html)"
150,66.249.67.3,2009-07-20,20,GMT-0700,GET,"/gallery/main.php?g2_view=search.SearchScan&g2_form%5BuseDefaultSettings%5D=1&g2_return=%2Fgallery%2Fmain.php%3Fg2_itemId%3D32272&g2_returnName=photo",200,6360,"Mozilla/5.0 (compatible; Googlebot/2.1; +http://www.google.com/bot.html)"
151,74.125.74.193,2009-07-20,20,GMT-0700,GET,"/gadgets/adpowers/AlexaRank/g.xml",200,3164,"FeedFetcher-Google; (+http://www.google.com/feedfetcher.html)"
152,65.55.217.54,2009-07-20,20,GMT-0700,GET,"/robots.txt",200,590,"Mozilla/4.0"
153,65.55.217.54,2009-07-20,20,GMT-0700,GET,"/images/blueman.png",200,63876,"Mozilla/4.0"
154,66.249.67.3,2009-07-20,20,GMT-0700,GET,"/gallery/main.php?g2_view=search.SearchScan&g2_form%5BuseDefaultSettings%5D=1&g2_return=%2Fgallery%2Fmain.php%3Fg2_itemId%3D22566&g2_returnName=photo",200,6360,"Mozilla/5.0 (compatible; Googlebot/2.1; +http://www.google.com/bot.html)"
155,24.183.197.231,2009-07-20,20,GMT-0700,GET,"/gnucache/index.php?get=1&net=gnutella&client=GNUC&version=1.1.1.6",404,146,"Mozilla/4.0"
156,74.125.74.193,2009-07-20,20,GMT-0700,GET,"/gadgets/adpowers/AlexaRank/g.xml",200,3164,"Mozilla/5.0 (compatible) Feedfetcher-Google; (+http://www.google.com/feedfetcher.html)"
157,74.125.74.193,2009-07-20,20,GMT-0700,GET,"/gadgets/adpowers/AlexaRank/ALL_ALL.xml",200,1160,"Mozilla/5.0 (compatible) Feedfetcher-Google; (+http://www.google.com/feedfetcher.html)"
158,74.125.74.193,2009-07-20,20,GMT-0700,GET,"/gadgets/adpowers/AlexaRank/ja_ALL.xml",200,1264,"Mozilla/5.0 (compatible) Feedfetcher-Google; (+http://www.google.com/feedfetcher.html)"
159,72.30.142.87,2009-07-20,20,GMT-0700,GET,"/gallery/main.php?g2_itemId=24850&g2_fromNavId=x3f67a032",200,7936,"Mozilla/5.0 (compatible; Yahoo! Slurp/3.0; http://help.yahoo.com/help/us/ysearch/slurp)"
160,64.233.172.17,2009-07-20,20,GMT-0700,GET,"/gadgets/adpowers/AlexaRank/g.xml",200,3164,"Mozilla/5.0 (compatible) Feedfetcher-Google; (+http://www.google.com/feedfetcher.html)"
161,74.125.75.17,2009-07-20,20,GMT-0700,GET,"/gadgets/adpowers/AlexaRank/ALL_ALL.xml",200,1160,"Mozilla/5.0 (compatible) Feedfetcher-Google; (+http://www.google.com/feedfetcher.html)"
162,220.181.7.38,2009-07-20,20,GMT-0700,GET,"/?tag=rant",200,8159,"Baiduspider+(+http://www.baidu.com/search/spider.htm)"
163,66.249.67.3,2009-07-20,20,GMT-0700,GET,"/gallery/main.php?g2_itemId=19463&g2_highlightId=19651",302,5,"Mozilla/5.0 (compatible; Googlebot/2.1; +http://www.google.com/bot.html)"
164,66.249.67.3,2009-07-20,20,GMT-0700,GET,"/gallery/main.php?g2_itemId=19463&g2_page=3",200,20244,"Mozilla/5.0 (compatible; Googlebot/2.1; +http://www.google.com/bot.html)"
165,66.249.67.3,2009-07-20,20,GMT-0700,GET,"/gallery/main.php?g2_controller=exif.SwitchDetailMode&g2_mode=detailed&g2_return=%2Fgallery%2Fmain.php%3Fg2_itemId%3D10742%26g2_imageViewsIndex%3D1&g2_returnName=photo",302,5,"Mozilla/5.0 (compatible; Googlebot/2.1; +http://www.google.com/bot.html)"
166,66.249.67.3,2009-07-20,20,GMT-0700,GET,"/gallery/main.php?g2_itemId=10742&g2_imageViewsIndex=1&g2_fromNavId=xe07ec4bb",200,8171,"Mozilla/5.0 (compatible; Googlebot/2.1; +http://www.google.com/bot.html)"
167,66.249.67.3,2009-07-20,20,GMT-0700,GET,"/gallery/main.php?g2_itemId=15371&g2_highlightId=15684",302,5,"Mozilla/5.0 (compatible; Googlebot/2.1; +http://www.google.com/bot.html)"
168,65.55.208.191,2009-07-20,20,GMT-0700,GET,"/gallery/main.php?g2_view=search.SearchScan&g2_form%5BuseDefaultSettings%5D=1&g2_return=%2Fgallery%2Fmain.php%3Fg2_itemId%3D32078&g2_returnName=album",200,6360,"msnbot/1.1 (+http://search.msn.com/msnbot.htm)"
169,64.233.173.2,2009-07-20,20,GMT-0700,GET,"/gwidgets/alexa.xml",200,2969,"Mozilla/5.0 (compatible) Feedfetcher-Google; (+http://www.google.com/feedfetcher.html)"
170,66.249.67.3,2009-07-20,20,GMT-0700,GET,"/gallery/main.php?g2_itemId=33491&g2_highlightId=33503",302,5,"Mozilla/5.0 (compatible; Googlebot/2.1; +http://www.google.com/bot.html)"
171,220.181.7.40,2009-07-20,20,GMT-0700,GET,"/?post=317",200,7593,"Baiduspider+(+http://www.baidu.com/search/spider.htm)"
172,66.249.67.3,2009-07-20,20,GMT-0700,GET,"/gallery/main.php?g2_controller=exif.SwitchDetailMode&g2_mode=detailed&g2_return=%2Fgallery%2Fmain.php%3Fg2_itemId%3D15777&g2_returnName=photo",302,5,"Mozilla/5.0 (compatible; Googlebot/2.1; +http://www.google.com/bot.html)"
173,66.249.67.3,2009-07-20,20,GMT-0700,GET,"/gallery/main.php?g2_itemId=15777&g2_fromNavId=x491a1647",200,8069,"Mozilla/5.0 (compatible; Googlebot/2.1; +http://www.google.com/bot.html)"
174,72.30.142.87,2009-07-20,20,GMT-0700,GET,"/gallery/main.php?g2_itemId=32105",200,19144,"Mozilla/5.0 (compatible; Yahoo! Slurp/3.0; http://help.yahoo.com/help/us/ysearch/slurp)"
175,64.233.172.17,2009-07-20,20,GMT-0700,GET,"/gadgets/adpowers/AlexaRank/g.xml",200,3164,"Mozilla/5.0 (compatible) Feedfetcher-Google; (+http://www.google.com/feedfetcher.html)"
176,64.233.172.17,2009-07-20,20,GMT-0700,GET,"/gadgets/adpowers/AlexaRank/ALL_ALL.xml",200,1160,"Mozilla/5.0 (compatible) Feedfetcher-Google; (+http://www.google.com/feedfetcher.html)"
177,74.125.75.17,2009-07-20,20,GMT-0700,GET,"/gadgets/adpowers/AlexaRank/g.xml",200,3164,"FeedFetcher-Google; (+http://www.google.com/feedfetcher.html)"
178,64.233.172.17,2009-07-20,20,GMT-0700,GET,"/gadgets/adpowers/AlexaRank/g.xml",200,3164,"Mozilla/5.0 (compatible) Feedfetcher-Google; (+http://www.google.com/feedfetcher.html)"
179,64.233.173.2,2009-07-20,20,GMT-0700,GET,"/gadgets/adpowers/AlexaRank/ALL_ALL.xml",200,1160,"Mozilla/5.0 (compatible) Feedfetcher-Google; (+http://www.google.com/feedfetcher.html)"
180,72.14.192.65,2009-07-20,20,GMT-0700,GET,"/gadgets/adpowers/AlexaRank/g.xml",200,3164,"Mozilla/5.0 (compatible) Feedfetcher-Google; (+http://www.google.com/feedfetcher.html)"
181,72.14.192.65,2009-07-20,20,GMT-0700,GET,"/gadgets/adpowers/AlexaRank/ALL_ALL.xml",200,1160,"Mozilla/5.0 (compatible) Feedfetcher-Google; (+http://www.google.com/feedfetcher.html)"
182,74.125.74.193,2009-07-20,20,GMT-0700,GET,"/gwidgets/alexa.xml",200,2969,"Mozilla/5.0 (compatible) Feedfetcher-Google; (+http://www.google.com/feedfetcher.html)"
183,66.249.67.3,2009-07-20,20,GMT-0700,GET,"/gallery/main.php?g2_view=search.SearchScan&g2_form%5BuseDefaultSettings%5D=1&g2_return=%2Fgallery%2Fmain.php%3Fg2_itemId%3D15744&g2_returnName=photo",200,6360,"Mozilla/5.0 (compatible; Googlebot/2.1; +http://www.google.com/bot.html)"
184,65.55.110.28,2009-07-20,20,GMT-0700,GET,"/gallery/main.php?g2_itemId=16360",200,8119,"Mozilla/4.0 (compatible;  MSIE 6.0;  Windows NT 5.1;  SLCC1;  .NET CLR 1.1.4325;  .NET CLR 2.0.40607;  .NET CLR 3.0.04506.648)"
185,65.55.110.28,2009-07-20,20,GMT-0700,GET,"/gallery/modules/rating/rating.css",200,1355,"Mozilla/4.0 (compatible;  MSIE 6.0;  Windows NT 5.1;  SLCC1;  .NET CLR 1.1.4325;  .NET CLR 2.0.40607;  .NET CLR 3.0.04506.648)"
186,65.55.110.28,2009-07-20,20,GMT-0700,GET,"/gallery/modules/icons/iconpacks/paularmstrongdesigns/icons.css",200,8847,"Mozilla/4.0 (compatible;  MSIE 6.0;  Windows NT 5.1;  SLCC1;  .NET CLR 1.1.4325;  .NET CLR 2.0.40607;  .NET CLR 3.0.04506.648)"
187,173.19.25.221,2009-07-20,20,GMT-0700,GET,"/gnucache/index.php?ip=173.19.25.221%3A5846&url=http%3A%2F%2Fgcache.c0re.net%2F&net=gnutella&client=GNUC&version=1.1.1.6&update=1",404,146,"Mozilla/4.0"
188,65.55.110.28,2009-07-20,20,GMT-0700,GET,"/gallery/modules/search/SearchBlock.js",200,992,"Mozilla/4.0 (compatible;  MSIE 6.0;  Windows NT 5.1;  SLCC1;  .NET CLR 1.1.4325;  .NET CLR 2.0.40607;  .NET CLR 3.0.04506.648)"
189,65.55.110.28,2009-07-20,20,GMT-0700,GET,"/gallery/modules/core/data/gallery.css",200,9535,"Mozilla/4.0 (compatible;  MSIE 6.0;  Windows NT 5.1;  SLCC1;  .NET CLR 1.1.4325;  .NET CLR 2.0.40607;  .NET CLR 3.0.04506.648)"
190,65.55.110.28,2009-07-20,20,GMT-0700,GET,"/gallery/lib/yui/yahoo-min.js",200,1419,"Mozilla/4.0 (compatible;  MSIE 6.0;  Windows NT 5.1;  SLCC1;  .NET CLR 1.1.4325;  .NET CLR 2.0.40607;  .NET CLR 3.0.04506.648)"
191,65.55.110.28,2009-07-20,20,GMT-0700,GET,"/gallery/lib/yui/connection-min.js",200,7959,"Mozilla/4.0 (compatible;  MSIE 6.0;  Windows NT 5.1;  SLCC1;  .NET CLR 1.1.4325;  .NET CLR 2.0.40607;  .NET CLR 3.0.04506.648)"
192,65.55.110.28,2009-07-20,20,GMT-0700,GET,"/gallery/modules/rating/rating.js",200,3066,"Mozilla/4.0 (compatible;  MSIE 6.0;  Windows NT 5.1;  SLCC1;  .NET CLR 1.1.4325;  .NET CLR 2.0.40607;  .NET CLR 3.0.04506.648)"
193,65.55.110.28,2009-07-20,20,GMT-0700,GET,"/gallery/themes/matrix/theme.css",200,12605,"Mozilla/4.0 (compatible;  MSIE 6.0;  Windows NT 5.1;  SLCC1;  .NET CLR 1.1.4325;  .NET CLR 2.0.40607;  .NET CLR 3.0.04506.648)"
194,72.30.142.87,2009-07-20,20,GMT-0700,GET,"/gallery/main.php?g2_itemId=18146",200,8263,"Mozilla/5.0 (compatible; Yahoo! Slurp/3.0; http://help.yahoo.com/help/us/ysearch/slurp)"
195,66.249.67.3,2009-07-20,20,GMT-0700,GET,"/gallery/main.php?g2_view=core.DownloadItem&g2_itemId=13850&g2_serialNumber=1",200,113846,"Googlebot-Image/1.0"
196,64.233.172.17,2009-07-20,20,GMT-0700,GET,"/images/alexarankthumb.jpg",200,2307,"Mozilla/5.0 (compatible) Feedfetcher-Google; (+http://www.google.com/feedfetcher.html)"
197,66.249.67.3,2009-07-20,20,GMT-0700,GET,"/gallery/main.php?g2_itemId=15371&g2_highlightId=15717",302,5,"Mozilla/5.0 (compatible; Googlebot/2.1; +http://www.google.com/bot.html)"
198,220.181.7.50,2009-07-20,20,GMT-0700,GET,"/?post=307",200,4812,"Baiduspider+(+http://www.baidu.com/search/spider.htm)"
199,65.55.106.232,2009-07-20,20,GMT-0700,GET,"/gallery/main.php?g2_itemId=26801",200,8297,"msnbot/2.0b (+http://search.msn.com/msnbot.htm)"
200,66.249.67.3,2009-07-20,20,GMT-0700,GET,"/gallery/main.php?g2_view=core.UserAdmin&g2_subView=core.UserLogin&g2_return=%2Fgallery%2Fmain.php%3Fg2_itemId%3D15795&g2_returnName=photo",200,4004,"Mozilla/5.0 (compatible; Googlebot/2.1; +http://www.google.com/bot.html)"
201,72.14.192.65,2009-07-20,20,GMT-0700,GET,"/gwidgets/alexa.xml",200,2969,"Mozilla/5.0 (compatible) Feedfetcher-Google; (+http://www.google.com/feedfetcher.html)"
202,72.14.194.1,2009-07-20,20,GMT-0700,GET,"/gwidgets/alexa.xml",200,2969,"Mozilla/5.0 (compatible) Feedfetcher-Google; (+http://www.google.com/feedfetcher.html)"
203,66.249.67.3,2009-07-20,20,GMT-0700,GET,"/gallery/main.php?g2_controller=exif.SwitchDetailMode&g2_mode=detailed&g2_return=%2Fgallery%2Fmain.php%3Fg2_itemId%3D30911&g2_returnName=photo",302,5,"Mozilla/5.0 (compatible; Googlebot/2.1; +http://www.google.com/bot.html)"
204,66.249.67.3,2009-07-20,20,GMT-0700,GET,"/gallery/main.php?g2_itemId=30911&g2_fromNavId=xcbcac8c7",200,8186,"Mozilla/5.0 (compatible; Googlebot/2.1; +http://www.google.com/bot.html)"
205,74.125.16.65,2009-07-20,20,GMT-0700,GET,"/gwidgets/alexa.xml",200,2969,"Mozilla/5.0 (compatible) Feedfetcher-Google; (+http://www.google.com/feedfetcher.html)"
206,72.14.194.1,2009-07-20,20,GMT-0700,GET,"/gadgets/adpowers/AlexaRank/ALL_ALL.xml",200,1160,"FeedFetcher-Google; (+http://www.google.com/feedfetcher.html)"
207,72.14.194.1,2009-07-20,20,GMT-0700,GET,"/gadgets/adpowers/AlexaRank/g.xml",200,3164,"FeedFetcher-Google; (+http://www.google.com/feedfetcher.html)"
208,220.181.7.16,2009-07-20,20,GMT-0700,GET,"/?page=tshirts",200,6011,"Baiduspider+(+http://www.baidu.com/search/spider.htm)"
209,72.14.194.1,2009-07-20,20,GMT-0700,GET,"/gadgets/adpowers/AlexaRank/g.xml",200,3164,"Mozilla/5.0 (compatible) Feedfetcher-Google; (+http://www.google.com/feedfetcher.html)"
210,72.14.194.1,2009-07-20,20,GMT-0700,GET,"/gadgets/adpowers/AlexaRank/ALL_ALL.xml",200,1160,"Mozilla/5.0 (compatible) Feedfetcher-Google; (+http://www.google.com/feedfetcher.html)"
211,74.125.74.193,2009-07-20,20,GMT-0700,GET,"/gadgets/adpowers/AlexaRank/g.xml",200,3164,"Mozilla/5.0 (compatible) Feedfetcher-Google; (+http://www.google.com/feedfetcher.html)"
212,74.125.74.193,2009-07-20,20,GMT-0700,GET,"/gadgets/adpowers/AlexaRank/ALL_ALL.xml",200,1160,"Mozilla/5.0 (compatible) Feedfetcher-Google; (+http://www.google.com/feedfetcher.html)"
213,74.125.74.193,2009-07-20,20,GMT-0700,GET,"/gadgets/adpowers/AlexaRank/ja_ALL.xml",200,1264,"Mozilla/5.0 (compatible) Feedfetcher-Google; (+http://www.google.com/feedfetcher.html)"
214,66.249.67.3,2009-07-20,20,GMT-0700,GET,"/gallery/main.php?g2_view=search.SearchScan&g2_form%5BuseDefaultSettings%5D=1&g2_return=%2Fgallery%2Fmain.php%3Fg2_itemId%3D15690&g2_returnName=photo",200,6360,"Mozilla/5.0 (compatible; Googlebot/2.1; +http://www.google.com/bot.html)"
215,193.189.143.245,2009-07-20,20,GMT-0700,GET,"/rss.pl",200,35867,"Netvibes (http://www.netvibes.com/; 6 subscribers; feedId: 422917)"
216,74.125.74.193,2009-07-20,20,GMT-0700,GET,"/gadgets/adpowers/AlexaRank/ALL_ALL.xml",200,1160,"FeedFetcher-Google; (+http://www.google.com/feedfetcher.html)"
217,74.125.75.17,2009-07-20,20,GMT-0700,GET,"/gwidgets/alexa.xml",200,2969,"FeedFetcher-Google; (+http://www.google.com/feedfetcher.html)"
218,83.119.231.95,2009-07-20,20,GMT-0700,GET,"/rss.pl",200,35942,"Mozilla/5.0 (X11; U; Linux i686; nl; rv:1.9.0.10) Gecko/2009050616 Gentoo Firefox/3.0.10"
219,66.249.67.87,2009-07-20,20,GMT-0700,GET,"/gallery/main.php?g2_itemId=32812",200,6959,"Mozilla/5.0 (compatible; Googlebot/2.1; +http://www.google.com/bot.html)"
220,65.55.208.186,2009-07-20,20,GMT-0700,GET,"/gallery/main.php?g2_controller=exif.SwitchDetailMode&g2_mode=detailed&g2_return=%2Fgallery%2Fmain.php%3Fg2_itemId%3D3346&g2_returnName=photo",302,5,"msnbot/1.1 (+http://search.msn.com/msnbot.htm)"
221,94.231.80.100,2009-07-20,20,GMT-0700,GET,"/gnucache/index.php?get=1&net=gnutella&client=GNUC&version=1.1.1.6",404,146,"Mozilla/4.0"
222,65.55.208.191,2009-07-20,20,GMT-0700,GET,"/gallery/main.php?g2_controller=exif.SwitchDetailMode&g2_mode=detailed&g2_return=%2Fgallery%2Fmain.php%3Fg2_itemId%3D3705&g2_returnName=photo",302,5,"msnbot/1.1 (+http://search.msn.com/msnbot.htm)"
223,74.125.74.193,2009-07-20,20,GMT-0700,GET,"/gwidgets/alexa.xml",200,2969,"Mozilla/5.0 (compatible) Feedfetcher-Google; (+http://www.google.com/feedfetcher.html)"
224,65.55.208.191,2009-07-20,20,GMT-0700,GET,"/gallery/main.php?g2_view=core.UserAdmin&g2_subView=core.UserLogin&g2_return=%2Fgallery%2Fmain.php%3Fg2_itemId%3D3684&g2_returnName=photo",200,4001,"msnbot/1.1 (+http://search.msn.com/msnbot.htm)"
225,220.181.7.47,2009-07-20,20,GMT-0700,GET,"/?news=all",200,588111,"Baiduspider+(+http://www.baidu.com/search/spider.htm)"
226,66.249.67.87,2009-07-20,20,GMT-0700,GET,"/gallery/main.php?g2_itemId=26579&g2_imageViewsIndex=1&g2_fromNavId=x7e1f21db",200,8774,"Mozilla/5.0 (compatible; Googlebot/2.1; +http://www.google.com/bot.html)"
227,66.249.67.87,2009-07-20,20,GMT-0700,GET,"/gallery/main.php?g2_view=core.UserAdmin&g2_subView=core.UserLogin&g2_return=%2Fgallery%2Fmain.php%3Fg2_view%3Dcomment.ShowAllComments%26g2_itemId%3D26541&g2_returnName=show+comments",200,4121,"Mozilla/5.0 (compatible; Googlebot/2.1; +http://www.google.com/bot.html)"
228,72.30.142.87,2009-07-20,20,GMT-0700,GET,"/r.pl?http://www.eff.org/privacy/cappsii/",302,291,"Mozilla/5.0 (compatible; Yahoo! Slurp/3.0; http://help.yahoo.com/help/us/ysearch/slurp)"
229,66.249.67.87,2009-07-20,20,GMT-0700,GET,"/gallery/main.php?g2_itemId=3301&g2_imageViewsIndex=1&g2_fromNavId=x0a5e0311",200,8148,"Mozilla/5.0 (compatible; Googlebot/2.1; +http://www.google.com/bot.html)"
230,66.249.67.87,2009-07-20,20,GMT-0700,GET,"/gallery/main.php?g2_view=core.UserAdmin&g2_subView=core.UserLogin&g2_return=%2Fgallery%2Fmain.php%3Fg2_view%3Dcomment.ShowAllComments%26g2_itemId%3D26579&g2_returnName=show+comments",200,4121,"Mozilla/5.0 (compatible; Googlebot/2.1; +http://www.google.com/bot.html)"
231,66.249.67.3,2009-07-20,20,GMT-0700,GET,"/gallery/main.php?g2_view=comment.ShowAllComments&g2_itemId=20089&g2_fromNavId=xdb3838bd",200,5099,"Mozilla/5.0 (compatible; Googlebot/2.1; +http://www.google.com/bot.html)"
232,66.249.67.87,2009-07-20,20,GMT-0700,GET,"/gallery/main.php?g2_itemId=26541&g2_imageViewsIndex=1&g2_fromNavId=xaef34eac",200,8123,"Mozilla/5.0 (compatible; Googlebot/2.1; +http://www.google.com/bot.html)"
233,66.249.67.3,2009-07-20,20,GMT-0700,GET,"/gallery/main.php?g2_itemId=15371&g2_highlightId=15699",302,5,"Mozilla/5.0 (compatible; Googlebot/2.1; +http://www.google.com/bot.html)"
234,65.55.106.164,2009-07-20,20,GMT-0700,GET,"/gallery/main.php?g2_view=keyalbum.KeywordAlbum&g2_keyword=robert+intention&g2_itemId=2915",200,9704,"msnbot/2.0b (+http://search.msn.com/msnbot.htm)"
235,72.14.192.65,2009-07-20,20,GMT-0700,GET,"/gadgets/adpowers/AlexaRank/g.xml",200,3164,"Mozilla/5.0 (compatible) Feedfetcher-Google; (+http://www.google.com/feedfetcher.html)"
236,72.14.192.65,2009-07-20,20,GMT-0700,GET,"/gadgets/adpowers/AlexaRank/ALL_ALL.xml",200,1160,"Mozilla/5.0 (compatible) Feedfetcher-Google; (+http://www.google.com/feedfetcher.html)"
237,72.30.142.87,2009-07-20,20,GMT-0700,GET,"/gallery/main.php?g2_itemId=33112",200,15642,"Mozilla/5.0 (compatible; Yahoo! Slurp/3.0; http://help.yahoo.com/help/us/ysearch/slurp)"
238,66.249.67.3,2009-07-20,20,GMT-0700,GET,"/gallery/main.php?g2_controller=exif.SwitchDetailMode&g2_mode=detailed&g2_return=%2Fgallery%2Fmain.php%3Fg2_itemId%3D7603%26g2_imageViewsIndex%3D1&g2_returnName=photo",302,5,"Mozilla/5.0 (compatible; Googlebot/2.1; +http://www.google.com/bot.html)"
239,65.55.208.191,2009-07-20,20,GMT-0700,GET,"/gallery/main.php?g2_itemId=3705&g2_fromNavId=xad1a7641",200,8474,"msnbot/1.1 (+http://search.msn.com/msnbot.htm)"
240,66.249.67.3,2009-07-20,20,GMT-0700,GET,"/gallery/main.php?g2_itemId=7603&g2_imageViewsIndex=1&g2_fromNavId=x56b037f6",200,7574,"Mozilla/5.0 (compatible; Googlebot/2.1; +http://www.google.com/bot.html)"
241,64.233.172.17,2009-07-20,20,GMT-0700,GET,"/gwidgets/alexa.xml",200,2969,"Mozilla/5.0 (compatible) Feedfetcher-Google; (+http://www.google.com/feedfetcher.html)"
242,66.249.67.3,2009-07-20,20,GMT-0700,GET,"/gallery/main.php?g2_controller=exif.SwitchDetailMode&g2_mode=detailed&g2_return=%2Fgallery%2Fmain.php%3Fg2_itemId%3D15690&g2_returnName=photo",302,5,"Mozilla/5.0 (compatible; Googlebot/2.1; +http://www.google.com/bot.html)"
243,66.249.67.3,2009-07-20,20,GMT-0700,GET,"/gallery/main.php?g2_itemId=15690&g2_fromNavId=x94ba20fc",200,8019,"Mozilla/5.0 (compatible; Googlebot/2.1; +http://www.google.com/bot.html)"
244,65.55.208.186,2009-07-20,20,GMT-0700,GET,"/gallery/main.php?g2_itemId=3346&g2_fromNavId=x0a3c33bd",200,8268,"msnbot/1.1 (+http://search.msn.com/msnbot.htm)"
245,64.233.172.17,2009-07-20,20,GMT-0700,GET,"/gwidgets/alexa.xml",200,2969,"Mozilla/5.0 (compatible) Feedfetcher-Google; (+http://www.google.com/feedfetcher.html)"
246,64.233.173.2,2009-07-20,20,GMT-0700,GET,"/gwidgets/alexa.xml",200,2969,"FeedFetcher-Google; (+http://www.google.com/feedfetcher.html)"
247,74.125.75.17,2009-07-20,20,GMT-0700,GET,"/gadgets/adpowers/AlexaRank/g.xml",200,3164,"Mozilla/5.0 (compatible) Feedfetcher-Google; (+http://www.google.com/feedfetcher.html)"
248,64.233.173.2,2009-07-20,20,GMT-0700,GET,"/gadgets/adpowers/AlexaRank/ALL_ALL.xml",200,1160,"Mozilla/5.0 (compatible) Feedfetcher-Google; (+http://www.google.com/feedfetcher.html)"
249,66.249.67.3,2009-07-20,20,GMT-0700,GET,"/?post=233",200,5093,"Mozilla/5.0 (compatible; Googlebot/2.1; +http://www.google.com/bot.html)"
250,66.249.67.3,2009-07-20,20,GMT-0700,GET,"/gallery/main.php?g2_controller=exif.SwitchDetailMode&g2_mode=detailed&g2_return=%2Fgallery%2Fmain.php%3Fg2_itemId%3D15672&g2_returnName=photo",302,5,"Mozilla/5.0 (compatible; Googlebot/2.1; +http://www.google.com/bot.html)"
251,66.249.67.3,2009-07-20,20,GMT-0700,GET,"/gallery/main.php?g2_itemId=15672&g2_fromNavId=x0a7cf816",200,8072,"Mozilla/5.0 (compatible; Googlebot/2.1; +http://www.google.com/bot.html)"
252,66.249.67.3,2009-07-20,20,GMT-0700,GET,"/gallery/main.php?g2_view=core.DownloadItem&g2_itemId=2974&g2_serialNumber=2",304,0,"Googlebot-Image/1.0"
253,66.249.67.3,2009-07-20,20,GMT-0700,GET,"/gallery/main.php?g2_view=comment.ShowAllComments&g2_itemId=18059&g2_return=%2Fgallery%2Fmain.php%3Fg2_itemId%3D18059&g2_returnName=photo",200,4953,"Mozilla/5.0 (compatible; Googlebot/2.1; +http://www.google.com/bot.html)"
254,119.63.193.55,2009-07-20,20,GMT-0700,GET,"/",200,12816,"Baiduspider+(+http://www.baidu.jp/spider/)"
255,74.125.74.193,2009-07-20,20,GMT-0700,GET,"/gadgets/adpowers/AlexaRank/g.xml",200,3164,"Mozilla/5.0 (compatible) Feedfetcher-Google; (+http://www.google.com/feedfetcher.html)"
256,74.125.74.193,2009-07-20,20,GMT-0700,GET,"/gadgets/adpowers/AlexaRank/ALL_ALL.xml",200,1160,"Mozilla/5.0 (compatible) Feedfetcher-Google; (+http://www.google.com/feedfetcher.html)"
257,74.125.74.193,2009-07-20,20,GMT-0700,GET,"/gwidgets/alexa.xml",200,2969,"Mozilla/5.0 (compatible) Feedfetcher-Google; (+http://www.google.com/feedfetcher.html)"
258,72.14.193.68,2009-07-20,20,GMT-0700,GET,"/gwidgets/alexa.xml",200,2969,"FeedFetcher-Google; (+http://www.google.com/feedfetcher.html)"
259,72.30.142.87,2009-07-20,20,GMT-0700,GET,"/gallery/main.php?g2_itemId=27011",200,8275,"Mozilla/5.0 (compatible; Yahoo! Slurp/3.0; http://help.yahoo.com/help/us/ysearch/slurp)"
260,66.249.67.3,2009-07-20,20,GMT-0700,GET,"/gallery/main.php?g2_controller=exif.SwitchDetailMode&g2_mode=detailed&g2_return=%2Fgallery%2Fmain.php%3Fg2_itemId%3D30983%26g2_imageViewsIndex%3D1&g2_returnName=photo",302,5,"Mozilla/5.0 (compatible; Googlebot/2.1; +http://www.google.com/bot.html)"
261,66.249.67.3,2009-07-20,20,GMT-0700,GET,"/gallery/main.php?g2_itemId=30983&g2_imageViewsIndex=1&g2_fromNavId=x7b243f91",200,8296,"Mozilla/5.0 (compatible; Googlebot/2.1; +http://www.google.com/bot.html)"
262,66.249.67.3,2009-07-20,20,GMT-0700,GET,"/gallery/main.php?g2_view=search.SearchScan&g2_form%5BuseDefaultSettings%5D=1&g2_return=%2Fgallery%2Fmain.php%3Fg2_itemId%3D15720&g2_returnName=photo",200,6360,"Mozilla/5.0 (compatible; Googlebot/2.1; +http://www.google.com/bot.html)"
263,220.181.7.44,2009-07-20,20,GMT-0700,GET,"/?tag=hadoop",200,4005,"Baiduspider+(+http://www.baidu.com/search/spider.htm)"
264,72.14.192.65,2009-07-20,20,GMT-0700,GET,"/gwidgets/alexa.xml",200,2969,"Mozilla/5.0 (compatible) Feedfetcher-Google; (+http://www.google.com/feedfetcher.html)"
265,66.249.67.3,2009-07-20,20,GMT-0700,GET,"/gallery/main.php?g2_controller=exif.SwitchDetailMode&g2_mode=detailed&g2_return=%2Fgallery%2Fmain.php%3Fg2_itemId%3D15681&g2_returnName=photo",302,5,"Mozilla/5.0 (compatible; Googlebot/2.1; +http://www.google.com/bot.html)"
266,66.249.67.3,2009-07-20,20,GMT-0700,GET,"/gallery/main.php?g2_itemId=15681&g2_fromNavId=x1d30f47f",200,8016,"Mozilla/5.0 (compatible; Googlebot/2.1; +http://www.google.com/bot.html)"
267,64.233.172.17,2009-07-20,20,GMT-0700,GET,"/gwidgets/alexa.xml",200,2969,"FeedFetcher-Google; (+http://www.google.com/feedfetcher.html)"
268,66.249.67.3,2009-07-20,20,GMT-0700,GET,"/index.pl?page=snowymountain",200,5060,"Mozilla/5.0 (compatible; Googlebot/2.1; +http://www.google.com/bot.html)"
269,64.233.172.17,2009-07-20,20,GMT-0700,GET,"/gwidgets/alexa.xml",200,2969,"Mozilla/5.0 (compatible) Feedfetcher-Google; (+http://www.google.com/feedfetcher.html)"
270,66.249.67.3,2009-07-20,21,GMT-0700,GET,"/gallery/main.php?g2_view=core.UserAdmin&g2_subView=core.UserLogin&g2_return=%2Fgallery%2Fmain.php%3Fg2_itemId%3D32260&g2_returnName=photo",200,4004,"Mozilla/5.0 (compatible; Googlebot/2.1; +http://www.google.com/bot.html)"
271,65.55.208.189,2009-07-20,21,GMT-0700,GET,"/gallery/main.php?g2_itemId=22503",200,7193,"msnbot/1.1 (+http://search.msn.com/msnbot.htm)"
272,64.22.114.26,2009-07-20,21,GMT-0700,GET,"/rss.pl",200,35867,"MagpieRSS/0.72 (+http://magpierss.sf.net)"
273,74.125.74.193,2009-07-20,21,GMT-0700,GET,"/gadgets/adpowers/AlexaRank/ja_ALL.xml",200,1264,"Mozilla/5.0 (compatible) Feedfetcher-Google; (+http://www.google.com/feedfetcher.html)"
274,210.196.211.49,2009-07-20,21,GMT-0700,GET,"/server-status",200,4156,"Mozilla/4.0 (compatible; MSIE 7.0; Windows NT 6.0; Mozilla/4.0 (compatible; MSIE 6.0; Windows NT 5.1; SV1) ; SLCC1; .NET CLR 2.0.50727; Media Center PC 5.0; .NET CLR 3.5.21022; .NET CLR 3.5.30729; .NET CLR 3.0.30618)"
275,210.196.211.49,2009-07-20,21,GMT-0700,GET,"/favicon.ico",404,146,"Mozilla/4.0 (compatible; MSIE 7.0; Windows NT 6.0; Mozilla/4.0 (compatible; MSIE 6.0; Windows NT 5.1; SV1) ; SLCC1; .NET CLR 2.0.50727; Media Center PC 5.0; .NET CLR 3.5.21022; .NET CLR 3.5.30729; .NET CLR 3.0.30618)"
276,66.249.67.3,2009-07-20,21,GMT-0700,GET,"/gallery/main.php?g2_view=search.SearchScan&g2_form%5BuseDefaultSettings%5D=1&g2_return=%2Fgallery%2Fmain.php%3Fg2_itemId%3D15705&g2_returnName=photo",200,6360,"Mozilla/5.0 (compatible; Googlebot/2.1; +http://www.google.com/bot.html)"
277,66.249.67.3,2009-07-20,21,GMT-0700,GET,"/gallery/main.php?g2_controller=exif.SwitchDetailMode&g2_mode=detailed&g2_return=%2Fgallery%2Fmain.php%3Fg2_itemId%3D10721&g2_returnName=photo",302,5,"Mozilla/5.0 (compatible; Googlebot/2.1; +http://www.google.com/bot.html)"
278,66.249.67.3,2009-07-20,21,GMT-0700,GET,"/gallery/main.php?g2_itemId=10721&g2_fromNavId=xfc75bd96",200,8069,"Mozilla/5.0 (compatible; Googlebot/2.1; +http://www.google.com/bot.html)"
279,74.125.74.193,2009-07-20,21,GMT-0700,GET,"/gadgets/adpowers/AlexaRank/g.xml",200,3164,"Mozilla/5.0 (compatible) Feedfetcher-Google; (+http://www.google.com/feedfetcher.html)"
280,74.125.74.193,2009-07-20,21,GMT-0700,GET,"/gadgets/adpowers/AlexaRank/ALL_ALL.xml",200,1160,"Mozilla/5.0 (compatible) Feedfetcher-Google; (+http://www.google.com/feedfetcher.html)"
281,72.14.193.68,2009-07-20,21,GMT-0700,GET,"/gwidgets/alexa.xml",200,2969,"Mozilla/5.0 (compatible) Feedfetcher-Google; (+http://www.google.com/feedfetcher.html)"
282,220.181.7.42,2009-07-20,21,GMT-0700,GET,"/?tag=amazon",200,4603,"Baiduspider+(+http://www.baidu.com/search/spider.htm)"
283,74.125.74.193,2009-07-20,21,GMT-0700,GET,"/gwidgets/alexa.xml",200,2969,"Mozilla/5.0 (compatible) Feedfetcher-Google; (+http://www.google.com/feedfetcher.html)"
284,72.30.142.87,2009-07-20,21,GMT-0700,GET,"/?post=195",200,5927,"Mozilla/5.0 (compatible; Yahoo! Slurp/3.0; http://help.yahoo.com/help/us/ysearch/slurp)"
285,72.14.194.1,2009-07-20,21,GMT-0700,GET,"/gwidgets/alexa.xml",200,2969,"FeedFetcher-Google; (+http://www.google.com/feedfetcher.html)"
286,72.14.194.1,2009-07-20,21,GMT-0700,GET,"/gwidgets/alexa.xml",200,2969,"Mozilla/5.0 (compatible) Feedfetcher-Google; (+http://www.google.com/feedfetcher.html)"
287,66.249.67.87,2009-07-20,21,GMT-0700,GET,"/gallery/main.php?g2_view=keyalbum.KeywordAlbum&g2_keyword=police+barricade&g2_highlightId=2853",302,5,"Mozilla/5.0 (compatible; Googlebot/2.1; +http://www.google.com/bot.html)"
288,66.249.67.87,2009-07-20,21,GMT-0700,GET,"/gallery/main.php?g2_view=keyalbum.KeywordAlbum&g2_keyword=police+barricade",200,6805,"Mozilla/5.0 (compatible; Googlebot/2.1; +http://www.google.com/bot.html)"
289,72.14.192.65,2009-07-20,21,GMT-0700,GET,"/gadgets/adpowers/AlexaRank/g.xml",200,3164,"Mozilla/5.0 (compatible) Feedfetcher-Google; (+http://www.google.com/feedfetcher.html)"
290,72.14.192.65,2009-07-20,21,GMT-0700,GET,"/gadgets/adpowers/AlexaRank/ALL_ALL.xml",200,1160,"Mozilla/5.0 (compatible) Feedfetcher-Google; (+http://www.google.com/feedfetcher.html)"
291,119.63.193.107,2009-07-20,21,GMT-0700,GET,"/",200,12816,"Baiduspider+(+http://www.baidu.jp/spider/)"
292,72.14.192.65,2009-07-20,21,GMT-0700,GET,"/gwidgets/alexa.xml",200,2969,"Mozilla/5.0 (compatible) Feedfetcher-Google; (+http://www.google.com/feedfetcher.html)"
293,74.125.16.65,2009-07-20,21,GMT-0700,GET,"/gwidgets/alexa.xml",200,2969,"FeedFetcher-Google; (+http://www.google.com/feedfetcher.html)"
294,74.125.16.65,2009-07-20,21,GMT-0700,GET,"/gwidgets/alexa.xml",200,2969,"Mozilla/5.0 (compatible) Feedfetcher-Google; (+http://www.google.com/feedfetcher.html)"
295,66.249.67.3,2009-07-20,21,GMT-0700,GET,"/gallery/main.php?g2_controller=exif.SwitchDetailMode&g2_mode=detailed&g2_return=%2Fgallery%2Fmain.php%3Fg2_itemId%3D15555&g2_returnName=photo",302,5,"Mozilla/5.0 (compatible; Googlebot/2.1; +http://www.google.com/bot.html)"
296,66.249.67.3,2009-07-20,21,GMT-0700,GET,"/gallery/main.php?g2_itemId=15555&g2_fromNavId=x15d9397e",200,8001,"Mozilla/5.0 (compatible; Googlebot/2.1; +http://www.google.com/bot.html)"
297,65.55.110.41,2009-07-20,21,GMT-0700,GET,"/gallery/main.php?g2_itemId=22503",200,7213,"Mozilla/4.0 (compatible;  MSIE 6.0;  Windows NT 5.1;  SV1;  .NET CLR 1.1.4325;  .NET CLR 2.0.50727;  .NET CLR 3.0.04506.648)"
298,65.55.110.41,2009-07-20,21,GMT-0700,GET,"/gallery/modules/rating/rating.css",200,1355,"Mozilla/4.0 (compatible;  MSIE 6.0;  Windows NT 5.1;  SV1;  .NET CLR 1.1.4325;  .NET CLR 2.0.50727;  .NET CLR 3.0.04506.648)"
299,65.55.110.41,2009-07-20,21,GMT-0700,GET,"/gallery/modules/icons/iconpacks/paularmstrongdesigns/icons.css",200,8847,"Mozilla/4.0 (compatible;  MSIE 6.0;  Windows NT 5.1;  SV1;  .NET CLR 1.1.4325;  .NET CLR 2.0.50727;  .NET CLR 3.0.04506.648)"
300,65.55.110.41,2009-07-20,21,GMT-0700,GET,"/gallery/modules/core/data/gallery.css",200,9535,"Mozilla/4.0 (compatible;  MSIE 6.0;  Windows NT 5.1;  SV1;  .NET CLR 1.1.4325;  .NET CLR 2.0.50727;  .NET CLR 3.0.04506.648)"
301,65.55.110.41,2009-07-20,21,GMT-0700,GET,"/gallery/modules/search/SearchBlock.js",200,992,"Mozilla/4.0 (compatible;  MSIE 6.0;  Windows NT 5.1;  SV1;  .NET CLR 1.1.4325;  .NET CLR 2.0.50727;  .NET CLR 3.0.04506.648)"
302,65.55.110.41,2009-07-20,21,GMT-0700,GET,"/gallery/lib/yui/yahoo-min.js",200,1419,"Mozilla/4.0 (compatible;  MSIE 6.0;  Windows NT 5.1;  SV1;  .NET CLR 1.1.4325;  .NET CLR 2.0.50727;  .NET CLR 3.0.04506.648)"
303,65.55.110.41,2009-07-20,21,GMT-0700,GET,"/gallery/lib/yui/connection-min.js",200,7959,"Mozilla/4.0 (compatible;  MSIE 6.0;  Windows NT 5.1;  SV1;  .NET CLR 1.1.4325;  .NET CLR 2.0.50727;  .NET CLR 3.0.04506.648)"
304,65.55.110.41,2009-07-20,21,GMT-0700,GET,"/gallery/modules/rating/rating.js",200,3066,"Mozilla/4.0 (compatible;  MSIE 6.0;  Windows NT 5.1;  SV1;  .NET CLR 1.1.4325;  .NET CLR 2.0.50727;  .NET CLR 3.0.04506.648)"
305,65.55.110.41,2009-07-20,21,GMT-0700,GET,"/gallery/themes/matrix/theme.css",200,12605,"Mozilla/4.0 (compatible;  MSIE 6.0;  Windows NT 5.1;  SV1;  .NET CLR 1.1.4325;  .NET CLR 2.0.50727;  .NET CLR 3.0.04506.648)"
306,174.36.241.149,2009-07-20,21,GMT-0700,GET,"/",200,17935,"Mozilla/5.0 (X11; U; Linux i686; en-US; rv:1.2.1; aggregator:Spinn3r (Spinn3r 3.1); http://spinn3r.com/robot) Gecko/20021130"
307,220.181.7.44,2009-07-20,21,GMT-0700,GET,"/?post=320",200,8058,"Baiduspider+(+http://www.baidu.com/search/spider.htm)"
308,64.233.172.17,2009-07-20,21,GMT-0700,GET,"/gwidgets/alexa.xml",200,2969,"Mozilla/5.0 (compatible) Feedfetcher-Google; (+http://www.google.com/feedfetcher.html)"
309,65.55.110.41,2009-07-20,21,GMT-0700,GET,"/gallery/main.php?g2_view=core.DownloadItem&g2_itemId=22505&g2_serialNumber=2",200,67550,"Mozilla/4.0 (compatible;  MSIE 6.0;  Windows NT 5.1;  SV1;  .NET CLR 1.1.4325;  .NET CLR 2.0.50727;  .NET CLR 3.0.04506.648)"
310,66.249.67.3,2009-07-20,21,GMT-0700,GET,"/gallery/main.php?g2_view=comment.ShowAllComments&g2_itemId=24659&g2_fromNavId=x82545c93",200,21431,"Mozilla/5.0 (compatible; Googlebot/2.1; +http://www.google.com/bot.html)"
311,83.119.231.95,2009-07-20,21,GMT-0700,GET,"/rss.pl",200,35942,"Mozilla/5.0 (X11; U; Linux i686; nl; rv:1.9.0.10) Gecko/2009050616 Gentoo Firefox/3.0.10"
312,122.160.162.2,2009-07-20,21,GMT-0700,GET,"/rss.pl",200,35867,"Mozilla/4.0 (compatible; MSIE 7.0; Windows NT 6.0; Trident/4.0; SLCC1; .NET CLR 2.0.50727; .NET CLR 3.5.21022; InfoPath.2; .NET CLR 3.5.30729; .NET CLR 3.0.30618; OfficeLiveConnector.1.3; OfficeLivePatch.1.3; MSOffice 12)"
313,122.160.162.2,2009-07-20,21,GMT-0700,GET,"/rss.pl",200,35867,"Mozilla/4.0 (compatible; MSIE 7.0; Windows NT 6.0; Trident/4.0; SLCC1; .NET CLR 2.0.50727; .NET CLR 3.5.21022; InfoPath.2; .NET CLR 3.5.30729; .NET CLR 3.0.30618; OfficeLiveConnector.1.3; OfficeLivePatch.1.3; MSOffice 12)"
314,66.249.67.3,2009-07-20,21,GMT-0700,GET,"/gallery/main.php?g2_view=search.SearchScan&g2_form%5BuseDefaultSettings%5D=1&g2_return=%2Fgallery%2Fmain.php%3Fg2_itemId%3D17986&g2_returnName=photo",200,6360,"Mozilla/5.0 (compatible; Googlebot/2.1; +http://www.google.com/bot.html)"
315,66.249.67.3,2009-07-20,21,GMT-0700,GET,"/gallery/main.php?g2_controller=exif.SwitchDetailMode&g2_mode=detailed&g2_return=%2Fgallery%2Fmain.php%3Fg2_itemId%3D12051&g2_returnName=photo",302,5,"Mozilla/5.0 (compatible; Googlebot/2.1; +http://www.google.com/bot.html)"
316,66.249.67.3,2009-07-20,21,GMT-0700,GET,"/gallery/main.php?g2_itemId=12051&g2_fromNavId=xec650e9c",200,8152,"Mozilla/5.0 (compatible; Googlebot/2.1; +http://www.google.com/bot.html)"
317,220.181.7.13,2009-07-20,21,GMT-0700,GET,"/?post=318",200,6956,"Baiduspider+(+http://www.baidu.com/search/spider.htm)"
318,66.249.67.3,2009-07-20,21,GMT-0700,GET,"/gallery/main.php?g2_controller=exif.SwitchDetailMode&g2_mode=detailed&g2_return=%2Fgallery%2Fmain.php%3Fg2_itemId%3D15726&g2_returnName=photo",302,5,"Mozilla/5.0 (compatible; Googlebot/2.1; +http://www.google.com/bot.html)"
319,66.249.67.3,2009-07-20,21,GMT-0700,GET,"/gallery/main.php?g2_itemId=15726&g2_fromNavId=xc9a96779",200,8009,"Mozilla/5.0 (compatible; Googlebot/2.1; +http://www.google.com/bot.html)"
320,64.233.173.2,2009-07-20,21,GMT-0700,GET,"/gadgets/adpowers/AlexaRank/g.xml",200,3164,"Mozilla/5.0 (compatible) Feedfetcher-Google; (+http://www.google.com/feedfetcher.html)"
321,64.233.172.17,2009-07-20,21,GMT-0700,GET,"/gadgets/adpowers/AlexaRank/ALL_ALL.xml",200,1160,"Mozilla/5.0 (compatible) Feedfetcher-Google; (+http://www.google.com/feedfetcher.html)"
322,122.160.162.2,2009-07-20,21,GMT-0700,GET,"/rss.pl",200,35867,"Mozilla/4.0 (compatible; MSIE 7.0; Windows NT 6.0; Trident/4.0; SLCC1; .NET CLR 2.0.50727; .NET CLR 3.5.21022; InfoPath.2; .NET CLR 3.5.30729; .NET CLR 3.0.30618; OfficeLiveConnector.1.3; OfficeLivePatch.1.3; MSOffice 12)"
323,74.125.74.193,2009-07-20,21,GMT-0700,GET,"/gwidgets/alexa.xml",200,2969,"Mozilla/5.0 (compatible) Feedfetcher-Google; (+http://www.google.com/feedfetcher.html)"
324,74.125.16.65,2009-07-20,21,GMT-0700,GET,"/gadgets/adpowers/AlexaRank/ALL_ALL.xml",200,1160,"FeedFetcher-Google; (+http://www.google.com/feedfetcher.html)"
325,72.14.194.1,2009-07-20,21,GMT-0700,GET,"/gadgets/adpowers/AlexaRank/g.xml",200,3164,"Mozilla/5.0 (compatible) Feedfetcher-Google; (+http://www.google.com/feedfetcher.html)"
326,72.14.194.1,2009-07-20,21,GMT-0700,GET,"/gadgets/adpowers/AlexaRank/ALL_ALL.xml",200,1160,"Mozilla/5.0 (compatible) Feedfetcher-Google; (+http://www.google.com/feedfetcher.html)"
327,74.125.16.65,2009-07-20,21,GMT-0700,GET,"/gadgets/adpowers/AlexaRank/de_ALL.xml",200,1004,"FeedFetcher-Google; (+http://www.google.com/feedfetcher.html)"
328,65.55.232.13,2009-07-20,21,GMT-0700,GET,"/?tag=amazon",200,4603,"msnbot/1.1 (+http://search.msn.com/msnbot.htm)"
329,174.37.205.76,2009-07-20,21,GMT-0700,GET,"/rss.pl",200,35942,"Mozilla/5.0 (X11; U; Linux i686; en-US; rv:1.2.1; aggregator:Spinn3r (Spinn3r 3.1); http://spinn3r.com/robot) Gecko/20021130"
330,220.181.7.36,2009-07-20,21,GMT-0700,GET,"/rss.pl",200,35942,"Baiduspider+(+http://www.baidu.com/search/spider.htm)"
331,74.125.16.65,2009-07-20,21,GMT-0700,GET,"/gwidgets/alexa.xml",200,2969,"Mozilla/5.0 (compatible) Feedfetcher-Google; (+http://www.google.com/feedfetcher.html)"
332,74.125.74.193,2009-07-20,21,GMT-0700,GET,"/gadgets/adpowers/AlexaRank/ALL_ALL.xml",200,1160,"Mozilla/5.0 (compatible) Feedfetcher-Google; (+http://www.google.com/feedfetcher.html)"
333,74.125.74.193,2009-07-20,21,GMT-0700,GET,"/gadgets/adpowers/AlexaRank/g.xml",200,3164,"Mozilla/5.0 (compatible) Feedfetcher-Google; (+http://www.google.com/feedfetcher.html)"
334,74.125.74.193,2009-07-20,21,GMT-0700,GET,"/gadgets/adpowers/AlexaRank/ja_ALL.xml",200,1264,"Mozilla/5.0 (compatible) Feedfetcher-Google; (+http://www.google.com/feedfetcher.html)"
335,65.55.208.188,2009-07-20,21,GMT-0700,GET,"/gallery/main.php?g2_itemId=33409",200,7855,"msnbot/1.1 (+http://search.msn.com/msnbot.htm)"
336,122.160.162.2,2009-07-20,21,GMT-0700,GET,"/rss.pl",200,35867,"Mozilla/4.0 (compatible; MSIE 7.0; Windows NT 6.0; Trident/4.0; SLCC1; .NET CLR 2.0.50727; .NET CLR 3.5.21022; InfoPath.2; .NET CLR 3.5.30729; .NET CLR 3.0.30618; OfficeLiveConnector.1.3; OfficeLivePatch.1.3; MSOffice 12)"
337,66.249.67.3,2009-07-20,21,GMT-0700,GET,"/gallery/main.php?g2_controller=exif.SwitchDetailMode&g2_mode=detailed&g2_return=%2Fgallery%2Fmain.php%3Fg2_itemId%3D15558&g2_returnName=photo",302,5,"Mozilla/5.0 (compatible; Googlebot/2.1; +http://www.google.com/bot.html)"
338,66.249.67.3,2009-07-20,21,GMT-0700,GET,"/gallery/main.php?g2_itemId=15558&g2_fromNavId=x14ad039d",200,7999,"Mozilla/5.0 (compatible; Googlebot/2.1; +http://www.google.com/bot.html)"
339,72.14.194.1,2009-07-20,21,GMT-0700,GET,"/gwidgets/alexa.xml",200,2969,"Mozilla/5.0 (compatible) Feedfetcher-Google; (+http://www.google.com/feedfetcher.html)"
340,66.249.67.3,2009-07-20,21,GMT-0700,GET,"/gallery/main.php?g2_itemId=29932",200,8018,"Mozilla/5.0 (compatible; Googlebot/2.1; +http://www.google.com/bot.html)"
341,72.14.192.65,2009-07-20,21,GMT-0700,GET,"/gadgets/adpowers/AlexaRank/g.xml",200,3164,"Mozilla/5.0 (compatible) Feedfetcher-Google; (+http://www.google.com/feedfetcher.html)"
342,72.14.192.65,2009-07-20,21,GMT-0700,GET,"/gadgets/adpowers/AlexaRank/ALL_ALL.xml",200,1160,"Mozilla/5.0 (compatible) Feedfetcher-Google; (+http://www.google.com/feedfetcher.html)"
343,66.249.67.3,2009-07-20,21,GMT-0700,GET,"/gallery/main.php?g2_controller=exif.SwitchDetailMode&g2_mode=detailed&g2_return=%2Fgallery%2Fmain.php%3Fg2_itemId%3D12051%26g2_imageViewsIndex%3D1&g2_returnName=photo",302,5,"Mozilla/5.0 (compatible; Googlebot/2.1; +http://www.google.com/bot.html)"
344,66.249.67.3,2009-07-20,21,GMT-0700,GET,"/gallery/main.php?g2_itemId=12051&g2_imageViewsIndex=1&g2_fromNavId=xac8eb543",200,8254,"Mozilla/5.0 (compatible; Googlebot/2.1; +http://www.google.com/bot.html)"
345,220.181.7.43,2009-07-20,21,GMT-0700,GET,"/?post=319",200,5094,"Baiduspider+(+http://www.baidu.com/search/spider.htm)"
346,66.249.67.87,2009-07-20,21,GMT-0700,GET,"/gallery/main.php?g2_view=core.DownloadItem&g2_itemId=32802&g2_serialNumber=2",200,28934,"Googlebot-Image/1.0"
347,66.249.67.3,2009-07-20,21,GMT-0700,GET,"/gallery/main.php?g2_view=search.SearchScan&g2_form%5BuseDefaultSettings%5D=1&g2_return=%2Fgallery%2Fmain.php%3Fg2_itemId%3D17977&g2_returnName=photo",200,6360,"Mozilla/5.0 (compatible; Googlebot/2.1; +http://www.google.com/bot.html)"
348,122.160.162.2,2009-07-20,21,GMT-0700,GET,"/rss.pl",200,35867,"Mozilla/4.0 (compatible; MSIE 7.0; Windows NT 6.0; Trident/4.0; SLCC1; .NET CLR 2.0.50727; .NET CLR 3.5.21022; InfoPath.2; .NET CLR 3.5.30729; .NET CLR 3.0.30618; OfficeLiveConnector.1.3; OfficeLivePatch.1.3; MSOffice 12)"
349,64.233.172.17,2009-07-20,21,GMT-0700,GET,"/gwidgets/alexa.xml",200,2969,"Mozilla/5.0 (compatible) Feedfetcher-Google; (+http://www.google.com/feedfetcher.html)"
350,64.233.172.17,2009-07-20,21,GMT-0700,GET,"/gwidgets/alexa.xml",200,2969,"Mozilla/5.0 (compatible) Feedfetcher-Google; (+http://www.google.com/feedfetcher.html)"
351,220.181.7.38,2009-07-20,21,GMT-0700,GET,"/?post=311",200,9061,"Baiduspider+(+http://www.baidu.com/search/spider.htm)"
352,122.160.162.2,2009-07-20,21,GMT-0700,GET,"/rss.pl",200,35867,"Mozilla/4.0 (compatible; MSIE 7.0; Windows NT 6.0; Trident/4.0; SLCC1; .NET CLR 2.0.50727; .NET CLR 3.5.21022; InfoPath.2; .NET CLR 3.5.30729; .NET CLR 3.0.30618; OfficeLiveConnector.1.3; OfficeLivePatch.1.3; MSOffice 12)"
353,64.233.173.2,2009-07-20,21,GMT-0700,GET,"/gadgets/adpowers/AlexaRank/ALL_ALL.xml",200,1160,"FeedFetcher-Google; (+http://www.google.com/feedfetcher.html)"
354,64.233.172.17,2009-07-20,21,GMT-0700,GET,"/gadgets/adpowers/AlexaRank/g.xml",200,3164,"Mozilla/5.0 (compatible) Feedfetcher-Google; (+http://www.google.com/feedfetcher.html)"
355,64.233.172.17,2009-07-20,21,GMT-0700,GET,"/gadgets/adpowers/AlexaRank/ALL_ALL.xml",200,1160,"Mozilla/5.0 (compatible) Feedfetcher-Google; (+http://www.google.com/feedfetcher.html)"
356,72.14.192.65,2009-07-20,21,GMT-0700,GET,"/gadgets/adpowers/AlexaRank/g.xml",200,3164,"FeedFetcher-Google; (+http://www.google.com/feedfetcher.html)"
357,116.5.141.194,2009-07-20,21,GMT-0700,GET,"/gnucache/index.php?get=1&net=gnutella&client=GNUC&version=1.1.1.6",404,146,"Mozilla/4.0"
358,66.249.67.3,2009-07-20,21,GMT-0700,GET,"/gallery/main.php?g2_controller=exif.SwitchDetailMode&g2_mode=detailed&g2_return=%2Fgallery%2Fmain.php%3Fg2_itemId%3D15687&g2_returnName=photo",302,5,"Mozilla/5.0 (compatible; Googlebot/2.1; +http://www.google.com/bot.html)"
359,66.249.67.3,2009-07-20,21,GMT-0700,GET,"/gallery/main.php?g2_itemId=15687&g2_fromNavId=x0fda639e",200,8078,"Mozilla/5.0 (compatible; Googlebot/2.1; +http://www.google.com/bot.html)"
360,72.14.192.65,2009-07-20,21,GMT-0700,GET,"/gwidgets/alexa.xml",200,2969,"Mozilla/5.0 (compatible) Feedfetcher-Google; (+http://www.google.com/feedfetcher.html)"
361,72.14.194.1,2009-07-20,21,GMT-0700,GET,"/gwidgets/alexa.xml",200,2969,"Mozilla/5.0 (compatible) Feedfetcher-Google; (+http://www.google.com/feedfetcher.html)"
362,66.249.67.3,2009-07-20,21,GMT-0700,GET,"/gallery/main.php?g2_view=core.UserAdmin&g2_subView=core.UserLogin&g2_return=%2Fgallery%2Fmain.php%3Fg2_itemId%3D15783&g2_returnName=photo",200,4004,"Mozilla/5.0 (compatible; Googlebot/2.1; +http://www.google.com/bot.html)"
363,74.125.74.193,2009-07-20,21,GMT-0700,GET,"/gwidgets/alexa.xml",200,2969,"Mozilla/5.0 (compatible) Feedfetcher-Google; (+http://www.google.com/feedfetcher.html)"
364,220.181.7.13,2009-07-20,21,GMT-0700,GET,"/?post=306",200,6615,"Baiduspider+(+http://www.baidu.com/search/spider.htm)"
365,66.249.67.3,2009-07-20,21,GMT-0700,GET,"/gallery/main.php?g2_controller=exif.SwitchDetailMode&g2_mode=detailed&g2_return=%2Fgallery%2Fmain.php%3Fg2_itemId%3D30881&g2_returnName=photo",302,5,"Mozilla/5.0 (compatible; Googlebot/2.1; +http://www.google.com/bot.html)"
366,66.249.67.3,2009-07-20,21,GMT-0700,GET,"/gallery/main.php?g2_itemId=30881&g2_fromNavId=x7b2afe09",200,8188,"Mozilla/5.0 (compatible; Googlebot/2.1; +http://www.google.com/bot.html)"
367,122.160.162.2,2009-07-20,21,GMT-0700,GET,"/rss.pl",200,35867,"Mozilla/4.0 (compatible; MSIE 7.0; Windows NT 6.0; Trident/4.0; SLCC1; .NET CLR 2.0.50727; .NET CLR 3.5.21022; InfoPath.2; .NET CLR 3.5.30729; .NET CLR 3.0.30618; OfficeLiveConnector.1.3; OfficeLivePatch.1.3; MSOffice 12)"
368,66.249.67.3,2009-07-20,21,GMT-0700,GET,"/gallery/main.php?g2_controller=exif.SwitchDetailMode&g2_mode=detailed&g2_return=%2Fgallery%2Fmain.php%3Fg2_itemId%3D15756&g2_returnName=photo",302,5,"Mozilla/5.0 (compatible; Googlebot/2.1; +http://www.google.com/bot.html)"
369,66.249.67.3,2009-07-20,21,GMT-0700,GET,"/gallery/main.php?g2_itemId=15756&g2_fromNavId=x02a1f358",200,8069,"Mozilla/5.0 (compatible; Googlebot/2.1; +http://www.google.com/bot.html)"
370,65.55.106.203,2009-07-20,21,GMT-0700,GET,"/robots.txt",200,590,"msnbot/2.0b (+http://search.msn.com/msnbot.htm)"
371,67.183.157.181,2009-07-20,21,GMT-0700,GET,"/rss.pl",200,35942,"Mozilla/5.0 (Windows; U; Windows NT 6.0; en-US; rv:1.8.1.22) Gecko/20090605 Thunderbird/2.0.0.22"
372,66.249.67.3,2009-07-20,21,GMT-0700,GET,"/gallery/main.php?g2_controller=exif.SwitchDetailMode&g2_mode=detailed&g2_return=%2Fgallery%2Fmain.php%3Fg2_itemId%3D15666&g2_returnName=photo",302,5,"Mozilla/5.0 (compatible; Googlebot/2.1; +http://www.google.com/bot.html)"
373,66.249.67.3,2009-07-20,21,GMT-0700,GET,"/gallery/main.php?g2_itemId=15666&g2_fromNavId=xe73768a3",200,8072,"Mozilla/5.0 (compatible; Googlebot/2.1; +http://www.google.com/bot.html)"
374,122.160.162.2,2009-07-20,21,GMT-0700,GET,"/rss.pl",200,35867,"Mozilla/4.0 (compatible; MSIE 7.0; Windows NT 6.0; Trident/4.0; SLCC1; .NET CLR 2.0.50727; .NET CLR 3.5.21022; InfoPath.2; .NET CLR 3.5.30729; .NET CLR 3.0.30618; OfficeLiveConnector.1.3; OfficeLivePatch.1.3; MSOffice 12)"
375,72.14.192.65,2009-07-20,21,GMT-0700,GET,"/gadgets/adpowers/AlexaRank/g.xml",200,3164,"Mozilla/5.0 (compatible) Feedfetcher-Google; (+http://www.google.com/feedfetcher.html)"
376,72.14.192.65,2009-07-20,21,GMT-0700,GET,"/gadgets/adpowers/AlexaRank/ALL_ALL.xml",200,1160,"Mozilla/5.0 (compatible) Feedfetcher-Google; (+http://www.google.com/feedfetcher.html)"
377,74.125.16.65,2009-07-20,21,GMT-0700,GET,"/gadgets/adpowers/AlexaRank/g.xml",200,3164,"FeedFetcher-Google; (+http://www.google.com/feedfetcher.html)"
378,72.30.142.87,2009-07-20,21,GMT-0700,GET,"/gallery/main.php?g2_itemId=3228&g2_highlightId=3268",302,0,"Mozilla/5.0 (compatible; Yahoo! Slurp/3.0; http://help.yahoo.com/help/us/ysearch/slurp)"
379,74.125.16.65,2009-07-20,21,GMT-0700,GET,"/gadgets/adpowers/AlexaRank/g.xml",200,3164,"Mozilla/5.0 (compatible) Feedfetcher-Google; (+http://www.google.com/feedfetcher.html)"
380,74.125.16.65,2009-07-20,21,GMT-0700,GET,"/gadgets/adpowers/AlexaRank/ALL_ALL.xml",200,1160,"Mozilla/5.0 (compatible) Feedfetcher-Google; (+http://www.google.com/feedfetcher.html)"
381,72.30.142.87,2009-07-20,21,GMT-0700,GET,"/gallery/main.php?g2_itemId=3228",200,20876,"Mozilla/5.0 (compatible; Yahoo! Slurp/3.0; http://help.yahoo.com/help/us/ysearch/slurp)"
382,66.249.67.3,2009-07-20,21,GMT-0700,GET,"/gallery/main.php?g2_view=comment.ShowAllComments&g2_itemId=22625&g2_return=%2Fgallery%2Fmain.php%3Fg2_itemId%3D22625&g2_returnName=photo",200,5099,"Mozilla/5.0 (compatible; Googlebot/2.1; +http://www.google.com/bot.html)"
383,66.249.67.3,2009-07-20,21,GMT-0700,GET,"/gallery/main.php?g2_itemId=15371&g2_highlightId=15708",302,5,"Mozilla/5.0 (compatible; Googlebot/2.1; +http://www.google.com/bot.html)"
384,122.160.162.2,2009-07-20,21,GMT-0700,GET,"/rss.pl",200,35867,"Mozilla/4.0 (compatible; MSIE 7.0; Windows NT 6.0; Trident/4.0; SLCC1; .NET CLR 2.0.50727; .NET CLR 3.5.21022; InfoPath.2; .NET CLR 3.5.30729; .NET CLR 3.0.30618; OfficeLiveConnector.1.3; OfficeLivePatch.1.3; MSOffice 12)"
385,66.249.67.3,2009-07-20,21,GMT-0700,GET,"/gallery/main.php?g2_controller=exif.SwitchDetailMode&g2_mode=detailed&g2_return=%2Fgallery%2Fmain.php%3Fg2_itemId%3D14133%26g2_imageViewsIndex%3D1&g2_returnName=photo",302,5,"Mozilla/5.0 (compatible; Googlebot/2.1; +http://www.google.com/bot.html)"
386,74.125.74.193,2009-07-20,21,GMT-0700,GET,"/gadgets/adpowers/AlexaRank/ALL_ALL.xml",200,1160,"Mozilla/5.0 (compatible) Feedfetcher-Google; (+http://www.google.com/feedfetcher.html)"
387,66.249.67.3,2009-07-20,21,GMT-0700,GET,"/gallery/main.php?g2_itemId=14133&g2_imageViewsIndex=1&g2_fromNavId=xc1bd2e43",200,8256,"Mozilla/5.0 (compatible; Googlebot/2.1; +http://www.google.com/bot.html)"
388,74.125.74.193,2009-07-20,21,GMT-0700,GET,"/gadgets/adpowers/AlexaRank/ja_ALL.xml",200,1264,"Mozilla/5.0 (compatible) Feedfetcher-Google; (+http://www.google.com/feedfetcher.html)"
389,74.125.74.193,2009-07-20,21,GMT-0700,GET,"/gadgets/adpowers/AlexaRank/g.xml",200,3164,"Mozilla/5.0 (compatible) Feedfetcher-Google; (+http://www.google.com/feedfetcher.html)"
390,74.125.74.193,2009-07-20,21,GMT-0700,GET,"/gwidgets/alexa.xml",200,2969,"Mozilla/5.0 (compatible) Feedfetcher-Google; (+http://www.google.com/feedfetcher.html)"
391,65.55.208.181,2009-07-20,21,GMT-0700,GET,"/gallery/main.php?g2_view=search.SearchScan&g2_form%5BuseDefaultSettings%5D=1&g2_return=%2Fgallery%2Fmain.php%3Fg2_itemId%3D4140&g2_returnName=photo",200,6360,"msnbot/1.1 (+http://search.msn.com/msnbot.htm)"
392,122.160.162.2,2009-07-20,21,GMT-0700,GET,"/rss.pl",200,35867,"Mozilla/4.0 (compatible; MSIE 7.0; Windows NT 6.0; Trident/4.0; SLCC1; .NET CLR 2.0.50727; .NET CLR 3.5.21022; InfoPath.2; .NET CLR 3.5.30729; .NET CLR 3.0.30618; OfficeLiveConnector.1.3; OfficeLivePatch.1.3; MSOffice 12)"
393,66.249.67.3,2009-07-20,21,GMT-0700,GET,"/gallery/main.php?g2_view=search.SearchScan&g2_form%5BuseDefaultSettings%5D=1&g2_return=%2Fgallery%2Fmain.php%3Fg2_itemId%3D15558&g2_returnName=photo",200,6360,"Mozilla/5.0 (compatible; Googlebot/2.1; +http://www.google.com/bot.html)"
394,64.233.172.17,2009-07-20,21,GMT-0700,GET,"/gwidgets/alexa.xml",200,2969,"Mozilla/5.0 (compatible) Feedfetcher-Google; (+http://www.google.com/feedfetcher.html)"
395,74.125.74.193,2009-07-20,21,GMT-0700,GET,"/gadgets/adpowers/AlexaRank/ja_ALL.xml",200,1264,"FeedFetcher-Google; (+http://www.google.com/feedfetcher.html)"
396,58.61.164.141,2009-07-20,21,GMT-0700,GET,"/robots.txt",200,590,"Sosospider+(+http://help.soso.com/webspider.htm)"
397,64.233.172.17,2009-07-20,21,GMT-0700,GET,"/gwidgets/alexa.xml",200,2969,"Mozilla/5.0 (compatible) Feedfetcher-Google; (+http://www.google.com/feedfetcher.html)"
398,66.249.67.3,2009-07-20,21,GMT-0700,GET,"/gallery/main.php?g2_itemId=15371&g2_highlightId=15558",302,5,"Mozilla/5.0 (compatible; Googlebot/2.1; +http://www.google.com/bot.html)"
399,66.249.67.3,2009-07-20,21,GMT-0700,GET,"/gallery/main.php?g2_itemId=15371&g2_page=3",200,20022,"Mozilla/5.0 (compatible; Googlebot/2.1; +http://www.google.com/bot.html)"
400,66.249.67.3,2009-07-20,21,GMT-0700,GET,"/gallery/main.php?g2_view=core.DownloadItem&g2_itemId=32829&g2_serialNumber=2",304,0,"Googlebot-Image/1.0"
401,74.125.75.17,2009-07-20,21,GMT-0700,GET,"/gwidgets/alexa.xml",200,2969,"Mozilla/5.0 (compatible) Feedfetcher-Google; (+http://www.google.com/feedfetcher.html)"
402,66.249.67.87,2009-07-20,21,GMT-0700,GET,"/gallery/main.php?g2_view=comment.ShowAllComments&g2_itemId=32802&g2_return=%2Fgallery%2Fmain.php%3Fg2_itemId%3D32802&g2_returnName=photo",200,4983,"Mozilla/5.0 (compatible; Googlebot/2.1; +http://www.google.com/bot.html)"
403,66.249.67.87,2009-07-20,21,GMT-0700,GET,"/gallery/main.php?g2_view=core.UserAdmin&g2_subView=core.UserLogin&g2_return=%2Fgallery%2Fmain.php%3Fg2_itemId%3D32802&g2_returnName=photo",200,4004,"Mozilla/5.0 (compatible; Googlebot/2.1; +http://www.google.com/bot.html)"
404,66.249.67.87,2009-07-20,21,GMT-0700,GET,"/gallery/main.php?g2_controller=exif.SwitchDetailMode&g2_mode=detailed&g2_return=%2Fgallery%2Fmain.php%3Fg2_itemId%3D3367%26g2_imageViewsIndex%3D1&g2_returnName=photo",302,5,"Mozilla/5.0 (compatible; Googlebot/2.1; +http://www.google.com/bot.html)"
405,72.14.194.1,2009-07-20,21,GMT-0700,GET,"/gwidgets/alexa.xml",200,2969,"Mozilla/5.0 (compatible) Feedfetcher-Google; (+http://www.google.com/feedfetcher.html)"
406,66.249.67.87,2009-07-20,21,GMT-0700,GET,"/gallery/main.php?g2_controller=exif.SwitchDetailMode&g2_mode=detailed&g2_return=%2Fgallery%2Fmain.php%3Fg2_itemId%3D32802&g2_returnName=photo",302,5,"Mozilla/5.0 (compatible; Googlebot/2.1; +http://www.google.com/bot.html)"
407,66.249.67.87,2009-07-20,21,GMT-0700,GET,"/gallery/main.php?g2_view=search.SearchScan&g2_form%5BuseDefaultSettings%5D=1&g2_return=%2Fgallery%2Fmain.php%3Fg2_itemId%3D32802&g2_returnName=photo",200,6360,"Mozilla/5.0 (compatible; Googlebot/2.1; +http://www.google.com/bot.html)"
408,66.249.67.87,2009-07-20,21,GMT-0700,GET,"/gallery/main.php?g2_view=search.SearchScan&g2_form%5BuseDefaultSettings%5D=1&g2_return=%2Fgallery%2Fmain.php%3Fg2_itemId%3D3367%26g2_imageViewsIndex%3D1&g2_returnName=photo",200,6360,"Mozilla/5.0 (compatible; Googlebot/2.1; +http://www.google.com/bot.html)"
409,66.249.67.87,2009-07-20,21,GMT-0700,GET,"/gallery/main.php?g2_view=core.UserAdmin&g2_subView=core.UserLogin&g2_return=%2Fgallery%2Fmain.php%3Fg2_itemId%3D3367%26g2_imageViewsIndex%3D1&g2_returnName=photo",200,4076,"Mozilla/5.0 (compatible; Googlebot/2.1; +http://www.google.com/bot.html)"
410,66.249.67.3,2009-07-20,21,GMT-0700,GET,"/gallery/main.php?g2_view=comment.ShowAllComments&g2_itemId=18056&g2_fromNavId=x365ec48c",200,5080,"Mozilla/5.0 (compatible; Googlebot/2.1; +http://www.google.com/bot.html)"
411,66.249.67.87,2009-07-20,21,GMT-0700,GET,"/gallery/main.php?g2_itemId=3367&g2_imageViewsIndex=1&g2_fromNavId=xc1f5c5c2",200,8195,"Mozilla/5.0 (compatible; Googlebot/2.1; +http://www.google.com/bot.html)"
412,66.249.67.87,2009-07-20,21,GMT-0700,GET,"/gallery/main.php?g2_itemId=32802&g2_fromNavId=x36d828d4",200,6947,"Mozilla/5.0 (compatible; Googlebot/2.1; +http://www.google.com/bot.html)"
413,66.249.67.3,2009-07-20,21,GMT-0700,GET,"/gallery/main.php?g2_controller=exif.SwitchDetailMode&g2_mode=detailed&g2_return=%2Fgallery%2Fmain.php%3Fg2_itemId%3D15765&g2_returnName=photo",302,5,"Mozilla/5.0 (compatible; Googlebot/2.1; +http://www.google.com/bot.html)"
414,122.160.162.2,2009-07-20,21,GMT-0700,GET,"/rss.pl",200,35867,"Mozilla/4.0 (compatible; MSIE 7.0; Windows NT 6.0; Trident/4.0; SLCC1; .NET CLR 2.0.50727; .NET CLR 3.5.21022; InfoPath.2; .NET CLR 3.5.30729; .NET CLR 3.0.30618; OfficeLiveConnector.1.3; OfficeLivePatch.1.3; MSOffice 12)"
415,66.249.67.3,2009-07-20,21,GMT-0700,GET,"/gallery/main.php?g2_itemId=15765&g2_fromNavId=x94aa35b4",200,8008,"Mozilla/5.0 (compatible; Googlebot/2.1; +http://www.google.com/bot.html)"
416,72.14.192.65,2009-07-20,21,GMT-0700,GET,"/gwidgets/alexa.xml",200,2969,"Mozilla/5.0 (compatible) Feedfetcher-Google; (+http://www.google.com/feedfetcher.html)"
417,74.125.16.65,2009-07-20,21,GMT-0700,GET,"/gwidgets/alexa.xml",200,2969,"Mozilla/5.0 (compatible) Feedfetcher-Google; (+http://www.google.com/feedfetcher.html)"
418,66.249.67.3,2009-07-20,21,GMT-0700,GET,"/gallery/main.php?g2_controller=exif.SwitchDetailMode&g2_mode=detailed&g2_return=%2Fgallery%2Fmain.php%3Fg2_itemId%3D14133&g2_returnName=photo",302,5,"Mozilla/5.0 (compatible; Googlebot/2.1; +http://www.google.com/bot.html)"
419,66.249.67.3,2009-07-20,21,GMT-0700,GET,"/gallery/main.php?g2_itemId=14133&g2_fromNavId=x52e6b740",200,8154,"Mozilla/5.0 (compatible; Googlebot/2.1; +http://www.google.com/bot.html)"
420,66.249.67.3,2009-07-20,21,GMT-0700,GET,"/gallery/main.php?g2_controller=exif.SwitchDetailMode&g2_mode=detailed&g2_return=%2Fgallery%2Fmain.php%3Fg2_itemId%3D15678&g2_returnName=photo",302,5,"Mozilla/5.0 (compatible; Googlebot/2.1; +http://www.google.com/bot.html)"
421,66.249.67.3,2009-07-20,21,GMT-0700,GET,"/gallery/main.php?g2_itemId=15678&g2_fromNavId=xacd8f866",200,8076,"Mozilla/5.0 (compatible; Googlebot/2.1; +http://www.google.com/bot.html)"
422,64.81.161.15,2009-07-20,21,GMT-0700,GET,"/rss.pl",200,35942,"NetNewsWire/3.1.7 (Mac OS X; http://www.newsgator.com/Individuals/NetNewsWire/)"
423,64.81.161.15,2009-07-20,21,GMT-0700,GET,"/rss.pl",200,35942,"NetNewsWire/3.1.7 (Mac OS X; http://www.newsgator.com/Individuals/NetNewsWire/)"
424,122.160.162.2,2009-07-20,21,GMT-0700,GET,"/rss.pl",200,35867,"Mozilla/4.0 (compatible; MSIE 7.0; Windows NT 6.0; Trident/4.0; SLCC1; .NET CLR 2.0.50727; .NET CLR 3.5.21022; InfoPath.2; .NET CLR 3.5.30729; .NET CLR 3.0.30618; OfficeLiveConnector.1.3; OfficeLivePatch.1.3; MSOffice 12)"
425,66.249.67.3,2009-07-20,21,GMT-0700,GET,"/gallery/main.php?g2_view=core.UserAdmin&g2_subView=core.UserLogin&g2_return=%2Fgallery%2Fmain.php%3Fg2_itemId%3D19651&g2_returnName=photo",200,4004,"Mozilla/5.0 (compatible; Googlebot/2.1; +http://www.google.com/bot.html)"
426,64.233.172.17,2009-07-20,21,GMT-0700,GET,"/gadgets/adpowers/AlexaRank/g.xml",200,3164,"Mozilla/5.0 (compatible) Feedfetcher-Google; (+http://www.google.com/feedfetcher.html)"
427,64.233.173.2,2009-07-20,21,GMT-0700,GET,"/gadgets/adpowers/AlexaRank/ALL_ALL.xml",200,1160,"Mozilla/5.0 (compatible) Feedfetcher-Google; (+http://www.google.com/feedfetcher.html)"
428,66.249.67.3,2009-07-20,21,GMT-0700,GET,"/gallery/main.php?g2_view=core.UserAdmin&g2_subView=core.UserLogin&g2_return=%2Fgallery%2Fmain.php%3Fg2_itemId%3D15687&g2_returnName=photo",200,4004,"Mozilla/5.0 (compatible; Googlebot/2.1; +http://www.google.com/bot.html)"
429,72.30.142.87,2009-07-20,21,GMT-0700,GET,"/?post=256",200,5437,"Mozilla/5.0 (compatible; Yahoo! Slurp/3.0; http://help.yahoo.com/help/us/ysearch/slurp)"
430,72.30.142.87,2009-07-20,21,GMT-0700,GET,"/style.css",304,0,"Mozilla/5.0 (compatible; Yahoo! Slurp/3.0; http://help.yahoo.com/help/us/ysearch/slurp)"
431,122.160.162.2,2009-07-20,21,GMT-0700,GET,"/rss.pl",200,35867,"Mozilla/4.0 (compatible; MSIE 7.0; Windows NT 6.0; Trident/4.0; SLCC1; .NET CLR 2.0.50727; .NET CLR 3.5.21022; InfoPath.2; .NET CLR 3.5.30729; .NET CLR 3.0.30618; OfficeLiveConnector.1.3; OfficeLivePatch.1.3; MSOffice 12)"
432,66.249.67.3,2009-07-20,21,GMT-0700,GET,"/gallery/main.php?g2_view=core.UserAdmin&g2_subView=core.UserLogin&g2_return=%2Fgallery%2Fmain.php%3Fg2_itemId%3D15720&g2_returnName=photo",200,4004,"Mozilla/5.0 (compatible; Googlebot/2.1; +http://www.google.com/bot.html)"
433,193.189.143.163,2009-07-20,21,GMT-0700,GET,"/rss.pl",200,35867,"Netvibes (http://www.netvibes.com/; 6 subscribers; feedId: 422917)"
434,64.233.172.17,2009-07-20,21,GMT-0700,GET,"/gwidgets/alexa.xml",200,2969,"Mozilla/5.0 (compatible) Feedfetcher-Google; (+http://www.google.com/feedfetcher.html)"
435,65.55.106.146,2009-07-20,21,GMT-0700,GET,"/gallery/main.php?g2_itemId=26693&g2_imageViewsIndex=1",200,8330,"msnbot/2.0b (+http://search.msn.com/msnbot.htm)"
436,72.82.117.242,2009-07-20,21,GMT-0700,GET,"/rss.pl",200,35942,"NetNewsWire/3.1 (Mac OS X; http://www.newsgator.com/Individuals/NetNewsWire/)"
437,66.249.67.3,2009-07-20,21,GMT-0700,GET,"/gallery/main.php?g2_itemId=17878&g2_highlightId=18010",302,5,"Mozilla/5.0 (compatible; Googlebot/2.1; +http://www.google.com/bot.html)"
438,66.249.67.3,2009-07-20,21,GMT-0700,GET,"/gallery/main.php?g2_controller=exif.SwitchDetailMode&g2_mode=detailed&g2_return=%2Fgallery%2Fmain.php%3Fg2_itemId%3D12150%26g2_imageViewsIndex%3D1&g2_returnName=photo",302,5,"Mozilla/5.0 (compatible; Googlebot/2.1; +http://www.google.com/bot.html)"
439,66.249.67.3,2009-07-20,21,GMT-0700,GET,"/gallery/main.php?g2_itemId=12150&g2_imageViewsIndex=1&g2_fromNavId=xc436d17a",200,8252,"Mozilla/5.0 (compatible; Googlebot/2.1; +http://www.google.com/bot.html)"
440,74.125.75.17,2009-07-20,21,GMT-0700,GET,"/gadgets/adpowers/AlexaRank/ALL_ALL.xml",200,1160,"FeedFetcher-Google; (+http://www.google.com/feedfetcher.html)"
441,64.233.172.17,2009-07-20,21,GMT-0700,GET,"/gwidgets/alexa.xml",200,2969,"Mozilla/5.0 (compatible) Feedfetcher-Google; (+http://www.google.com/feedfetcher.html)"
442,122.160.162.2,2009-07-20,21,GMT-0700,GET,"/rss.pl",200,35867,"Mozilla/4.0 (compatible; MSIE 7.0; Windows NT 6.0; Trident/4.0; SLCC1; .NET CLR 2.0.50727; .NET CLR 3.5.21022; InfoPath.2; .NET CLR 3.5.30729; .NET CLR 3.0.30618; OfficeLiveConnector.1.3; OfficeLivePatch.1.3; MSOffice 12)"
443,72.14.192.65,2009-07-20,21,GMT-0700,GET,"/gwidgets/alexa.xml",200,2969,"FeedFetcher-Google; (+http://www.google.com/feedfetcher.html)"
444,72.14.192.65,2009-07-20,21,GMT-0700,GET,"/gwidgets/alexa.xml",200,2969,"Mozilla/5.0 (compatible) Feedfetcher-Google; (+http://www.google.com/feedfetcher.html)"
445,72.14.192.65,2009-07-20,21,GMT-0700,GET,"/gadgets/adpowers/AlexaRank/g.xml",200,3164,"Mozilla/5.0 (compatible) Feedfetcher-Google; (+http://www.google.com/feedfetcher.html)"
446,72.14.192.65,2009-07-20,21,GMT-0700,GET,"/gadgets/adpowers/AlexaRank/ALL_ALL.xml",200,1160,"Mozilla/5.0 (compatible) Feedfetcher-Google; (+http://www.google.com/feedfetcher.html)"
447,74.125.74.193,2009-07-20,21,GMT-0700,GET,"/gwidgets/alexa.xml",200,2969,"FeedFetcher-Google; (+http://www.google.com/feedfetcher.html)"
448,74.125.74.193,2009-07-20,21,GMT-0700,GET,"/gwidgets/alexa.xml",200,2969,"Mozilla/5.0 (compatible) Feedfetcher-Google; (+http://www.google.com/feedfetcher.html)"
449,64.233.172.17,2009-07-20,21,GMT-0700,GET,"/gadgets/adpowers/AlexaRank/ALL_ALL.xml",200,1160,"FeedFetcher-Google; (+http://www.google.com/feedfetcher.html)"
450,66.249.67.3,2009-07-20,21,GMT-0700,GET,"/gallery/main.php?g2_view=comment.ShowAllComments&g2_itemId=32456&g2_return=%2Fgallery%2Fmain.php%3Fg2_itemId%3D32456&g2_returnName=photo",200,5059,"Mozilla/5.0 (compatible; Googlebot/2.1; +http://www.google.com/bot.html)"
451,66.249.67.3,2009-07-20,21,GMT-0700,GET,"/gallery/main.php?g2_view=core.UserAdmin&g2_subView=core.UserLogin&g2_return=%2Fgallery%2Fmain.php%3Fg2_itemId%3D17968&g2_returnName=photo",200,4004,"Mozilla/5.0 (compatible; Googlebot/2.1; +http://www.google.com/bot.html)"
452,72.30.142.87,2009-07-20,21,GMT-0700,GET,"/gallery/main.php?g2_view=comment.ShowAllComments&g2_itemId=27017&g2_return=%2Fgallery%2Fmain.php%3Fg2_itemId%3D27017&g2_returnName=photo",200,4957,"Mozilla/5.0 (compatible; Yahoo! Slurp/3.0; http://help.yahoo.com/help/us/ysearch/slurp)"
453,72.30.142.87,2009-07-20,21,GMT-0700,GET,"/gallery/modules/comment/comment.css",304,0,"Mozilla/5.0 (compatible; Yahoo! Slurp/3.0; http://help.yahoo.com/help/us/ysearch/slurp)"
454,198.161.30.188,2009-07-20,21,GMT-0700,GET,"/rss.pl",200,35942,"NetNewsWire/3.1.1 (Mac OS X; http://www.newsgator.com/Individuals/NetNewsWire/)"
455,64.233.172.17,2009-07-20,21,GMT-0700,GET,"/gadgets/adpowers/AlexaRank/ALL_ALL.xml",200,1160,"Mozilla/5.0 (compatible) Feedfetcher-Google; (+http://www.google.com/feedfetcher.html)"
456,65.55.208.181,2009-07-20,21,GMT-0700,GET,"/gallery/main.php?g2_itemId=26901",200,8301,"msnbot/1.1 (+http://search.msn.com/msnbot.htm)"
457,122.160.162.2,2009-07-20,21,GMT-0700,GET,"/rss.pl",200,35867,"Mozilla/4.0 (compatible; MSIE 7.0; Windows NT 6.0; Trident/4.0; SLCC1; .NET CLR 2.0.50727; .NET CLR 3.5.21022; InfoPath.2; .NET CLR 3.5.30729; .NET CLR 3.0.30618; OfficeLiveConnector.1.3; OfficeLivePatch.1.3; MSOffice 12)"
458,74.125.74.193,2009-07-20,21,GMT-0700,GET,"/gadgets/adpowers/AlexaRank/g.xml",200,3164,"Mozilla/5.0 (compatible) Feedfetcher-Google; (+http://www.google.com/feedfetcher.html)"
459,74.125.74.193,2009-07-20,21,GMT-0700,GET,"/gadgets/adpowers/AlexaRank/ALL_ALL.xml",200,1160,"Mozilla/5.0 (compatible) Feedfetcher-Google; (+http://www.google.com/feedfetcher.html)"
460,74.125.74.193,2009-07-20,21,GMT-0700,GET,"/gadgets/adpowers/AlexaRank/ja_ALL.xml",200,1264,"Mozilla/5.0 (compatible) Feedfetcher-Google; (+http://www.google.com/feedfetcher.html)"
461,74.125.16.65,2009-07-20,21,GMT-0700,GET,"/gwidgets/alexa.xml",200,2969,"Mozilla/5.0 (compatible) Feedfetcher-Google; (+http://www.google.com/feedfetcher.html)"
462,92.241.182.24,2009-07-20,21,GMT-0700,GET,"/index.pl?page=switch",200,4886,"Mozilla/4.0 (compatible; MSIE 5.01; Windows NT 5.0)"
463,174.36.241.155,2009-07-20,21,GMT-0700,GET,"/",200,17935,"Mozilla/5.0 (X11; U; Linux i686; en-US; rv:1.2.1; aggregator:Spinn3r (Spinn3r 3.1); http://spinn3r.com/robot) Gecko/20021130"
464,72.14.192.65,2009-07-20,21,GMT-0700,GET,"/gadgets/adpowers/AlexaRank/ALL_ALL.xml",200,1160,"FeedFetcher-Google; (+http://www.google.com/feedfetcher.html)"
465,66.249.67.3,2009-07-20,21,GMT-0700,GET,"/gallery/main.php?g2_controller=exif.SwitchDetailMode&g2_mode=detailed&g2_return=%2Fgallery%2Fmain.php%3Fg2_itemId%3D30983&g2_returnName=photo",302,5,"Mozilla/5.0 (compatible; Googlebot/2.1; +http://www.google.com/bot.html)"
466,66.249.67.3,2009-07-20,21,GMT-0700,GET,"/gallery/main.php?g2_itemId=30983&g2_fromNavId=x4dc57494",200,8194,"Mozilla/5.0 (compatible; Googlebot/2.1; +http://www.google.com/bot.html)"
467,122.160.162.2,2009-07-20,21,GMT-0700,GET,"/rss.pl",200,35867,"Mozilla/4.0 (compatible; MSIE 7.0; Windows NT 6.0; Trident/4.0; SLCC1; .NET CLR 2.0.50727; .NET CLR 3.5.21022; InfoPath.2; .NET CLR 3.5.30729; .NET CLR 3.0.30618; OfficeLiveConnector.1.3; OfficeLivePatch.1.3; MSOffice 12)"
468,66.249.67.3,2009-07-20,21,GMT-0700,GET,"/gallery/main.php?g2_itemId=15371&g2_highlightId=15711",302,5,"Mozilla/5.0 (compatible; Googlebot/2.1; +http://www.google.com/bot.html)"
469,64.233.173.2,2009-07-20,21,GMT-0700,GET,"/gwidgets/alexa.xml",200,2969,"Mozilla/5.0 (compatible) Feedfetcher-Google; (+http://www.google.com/feedfetcher.html)"
470,66.249.67.3,2009-07-20,21,GMT-0700,GET,"/gallery/main.php?g2_view=core.DownloadItem&g2_itemId=13865&g2_serialNumber=1",200,153719,"Googlebot-Image/1.0"
471,122.160.162.2,2009-07-20,21,GMT-0700,GET,"/rss.pl",200,35867,"Mozilla/4.0 (compatible; MSIE 7.0; Windows NT 6.0; Trident/4.0; SLCC1; .NET CLR 2.0.50727; .NET CLR 3.5.21022; InfoPath.2; .NET CLR 3.5.30729; .NET CLR 3.0.30618; OfficeLiveConnector.1.3; OfficeLivePatch.1.3; MSOffice 12)"
472,72.14.194.1,2009-07-20,21,GMT-0700,GET,"/gwidgets/alexa.xml",200,2969,"Mozilla/5.0 (compatible) Feedfetcher-Google; (+http://www.google.com/feedfetcher.html)"
473,66.249.67.3,2009-07-20,21,GMT-0700,GET,"/gallery/main.php?g2_itemId=22460&g2_highlightId=23714",302,5,"Mozilla/5.0 (compatible; Googlebot/2.1; +http://www.google.com/bot.html)"
474,72.30.142.87,2009-07-20,21,GMT-0700,GET,"/style.css",304,0,"Mozilla/5.0 (compatible; Yahoo! Slurp/3.0; http://help.yahoo.com/help/us/ysearch/slurp)"
475,72.14.192.65,2009-07-20,21,GMT-0700,GET,"/gwidgets/alexa.xml",200,2969,"Mozilla/5.0 (compatible) Feedfetcher-Google; (+http://www.google.com/feedfetcher.html)"
476,174.36.241.157,2009-07-20,21,GMT-0700,GET,"/rss.pl",200,35942,"Mozilla/5.0 (X11; U; Linux i686; en-US; rv:1.2.1; aggregator:Spinn3r (Spinn3r 3.1); http://spinn3r.com/robot) Gecko/20021130"
477,66.249.67.3,2009-07-20,21,GMT-0700,GET,"/gallery/main.php?g2_itemId=32105&g2_highlightId=32260",302,5,"Mozilla/5.0 (compatible; Googlebot/2.1; +http://www.google.com/bot.html)"
478,74.125.74.193,2009-07-20,21,GMT-0700,GET,"/favicon.ico",404,146,"-"
479,66.249.67.3,2009-07-20,21,GMT-0700,GET,"/gallery/main.php?g2_itemId=32105&g2_page=3",200,15568,"Mozilla/5.0 (compatible; Googlebot/2.1; +http://www.google.com/bot.html)"
480,122.160.162.2,2009-07-20,21,GMT-0700,GET,"/rss.pl",200,35867,"Mozilla/4.0 (compatible; MSIE 7.0; Windows NT 6.0; Trident/4.0; SLCC1; .NET CLR 2.0.50727; .NET CLR 3.5.21022; InfoPath.2; .NET CLR 3.5.30729; .NET CLR 3.0.30618; OfficeLiveConnector.1.3; OfficeLivePatch.1.3; MSOffice 12)"
481,74.125.74.193,2009-07-20,21,GMT-0700,GET,"/gadgets/adpowers/AlexaRank/g.xml",200,3164,"FeedFetcher-Google; (+http://www.google.com/feedfetcher.html)"
482,66.249.67.3,2009-07-20,21,GMT-0700,GET,"/gallery/main.php?g2_controller=exif.SwitchDetailMode&g2_mode=detailed&g2_return=%2Fgallery%2Fmain.php%3Fg2_itemId%3D7600&g2_returnName=photo",302,5,"Mozilla/5.0 (compatible; Googlebot/2.1; +http://www.google.com/bot.html)"
483,216.18.20.104,2009-07-20,21,GMT-0700,GET,"/rss.pl",200,35942,"Mozilla/4.0 (compatible; MSIE 5.5; Windows NT)"
484,66.249.67.3,2009-07-20,21,GMT-0700,GET,"/gallery/main.php?g2_itemId=7600&g2_fromNavId=x584e4e44",200,7472,"Mozilla/5.0 (compatible; Googlebot/2.1; +http://www.google.com/bot.html)"
485,65.55.110.51,2009-07-20,21,GMT-0700,GET,"/gallery/main.php?g2_itemId=26901",200,8324,"Mozilla/4.0 (compatible;  MSIE 6.0;  Windows NT 5.2;  SV1;  .NET CLR 1.1.4322;  .NET CLR 2.0.40607;  .NET CLR 3.0.30729;  .NET CLR 3.5.30707;  InfoPath.2)"
486,65.55.110.51,2009-07-20,21,GMT-0700,GET,"/gallery/modules/core/data/gallery.css",200,9535,"Mozilla/4.0 (compatible;  MSIE 6.0;  Windows NT 5.2;  SV1;  .NET CLR 1.1.4322;  .NET CLR 2.0.40607;  .NET CLR 3.0.30729;  .NET CLR 3.5.30707;  InfoPath.2)"
487,65.55.110.51,2009-07-20,21,GMT-0700,GET,"/gallery/modules/icons/iconpacks/paularmstrongdesigns/icons.css",200,8847,"Mozilla/4.0 (compatible;  MSIE 6.0;  Windows NT 5.2;  SV1;  .NET CLR 1.1.4322;  .NET CLR 2.0.40607;  .NET CLR 3.0.30729;  .NET CLR 3.5.30707;  InfoPath.2)"
488,65.55.110.51,2009-07-20,21,GMT-0700,GET,"/gallery/modules/search/SearchBlock.js",200,992,"Mozilla/4.0 (compatible;  MSIE 6.0;  Windows NT 5.2;  SV1;  .NET CLR 1.1.4322;  .NET CLR 2.0.40607;  .NET CLR 3.0.30729;  .NET CLR 3.5.30707;  InfoPath.2)"
489,65.55.110.51,2009-07-20,21,GMT-0700,GET,"/gallery/modules/rating/rating.css",200,1355,"Mozilla/4.0 (compatible;  MSIE 6.0;  Windows NT 5.2;  SV1;  .NET CLR 1.1.4322;  .NET CLR 2.0.40607;  .NET CLR 3.0.30729;  .NET CLR 3.5.30707;  InfoPath.2)"
490,65.55.110.51,2009-07-20,21,GMT-0700,GET,"/gallery/lib/yui/yahoo-min.js",200,1419,"Mozilla/4.0 (compatible;  MSIE 6.0;  Windows NT 5.2;  SV1;  .NET CLR 1.1.4322;  .NET CLR 2.0.40607;  .NET CLR 3.0.30729;  .NET CLR 3.5.30707;  InfoPath.2)"
491,65.55.110.51,2009-07-20,21,GMT-0700,GET,"/gallery/lib/yui/connection-min.js",200,7959,"Mozilla/4.0 (compatible;  MSIE 6.0;  Windows NT 5.2;  SV1;  .NET CLR 1.1.4322;  .NET CLR 2.0.40607;  .NET CLR 3.0.30729;  .NET CLR 3.5.30707;  InfoPath.2)"
492,65.55.110.51,2009-07-20,21,GMT-0700,GET,"/gallery/modules/rating/rating.js",200,3066,"Mozilla/4.0 (compatible;  MSIE 6.0;  Windows NT 5.2;  SV1;  .NET CLR 1.1.4322;  .NET CLR 2.0.40607;  .NET CLR 3.0.30729;  .NET CLR 3.5.30707;  InfoPath.2)"
493,65.55.110.51,2009-07-20,21,GMT-0700,GET,"/gallery/themes/matrix/theme.css",200,12605,"Mozilla/4.0 (compatible;  MSIE 6.0;  Windows NT 5.2;  SV1;  .NET CLR 1.1.4322;  .NET CLR 2.0.40607;  .NET CLR 3.0.30729;  .NET CLR 3.5.30707;  InfoPath.2)"
494,65.55.110.51,2009-07-20,21,GMT-0700,GET,"/gallery/main.php?g2_view=core.DownloadItem&g2_itemId=26903&g2_serialNumber=2",200,70377,"Mozilla/4.0 (compatible;  MSIE 6.0;  Windows NT 5.2;  SV1;  .NET CLR 1.1.4322;  .NET CLR 2.0.40607;  .NET CLR 3.0.30729;  .NET CLR 3.5.30707;  InfoPath.2)"
495,74.125.74.193,2009-07-20,21,GMT-0700,GET,"/gadgets/adpowers/AlexaRank/g.xml",200,3164,"Mozilla/5.0 (compatible) Feedfetcher-Google; (+http://www.google.com/feedfetcher.html)"
496,74.125.74.193,2009-07-20,21,GMT-0700,GET,"/gadgets/adpowers/AlexaRank/ALL_ALL.xml",200,1160,"Mozilla/5.0 (compatible) Feedfetcher-Google; (+http://www.google.com/feedfetcher.html)"
497,74.125.74.193,2009-07-20,21,GMT-0700,GET,"/gadgets/adpowers/AlexaRank/ja_ALL.xml",200,1264,"Mozilla/5.0 (compatible) Feedfetcher-Google; (+http://www.google.com/feedfetcher.html)"
498,64.233.172.17,2009-07-20,21,GMT-0700,GET,"/gadgets/adpowers/AlexaRank/g.xml",200,3164,"FeedFetcher-Google; (+http://www.google.com/feedfetcher.html)"
499,65.55.208.181,2009-07-20,21,GMT-0700,GET,"/gallery/main.php?g2_view=comment.ShowAllComments&g2_itemId=22764&g2_return=%2Fgallery%2Fmain.php%3Fg2_itemId%3D22764&g2_returnName=photo",200,5834,"msnbot/1.1 (+http://search.msn.com/msnbot.htm)"
500,65.55.208.186,2009-07-20,21,GMT-0700,GET,"/gallery/main.php?g2_view=comment.ShowAllComments&g2_itemId=26783&g2_return=%2Fgallery%2Fmain.php%3Fg2_itemId%3D26783&g2_returnName=photo",200,4980,"msnbot/1.1 (+http://search.msn.com/msnbot.htm)"
